et,923
in,699
cum,614
filius,402
ex,343
est,303
ad,293
se,265
qui,260
ut,218
quod,215
filia,199
ab,168
eum,157
a,151
autem,136
quae,121
quem,119
eius,114
filium,110
esse,102
Iouis,99
ei,92
non,87
esset,81
eam,80
sunt,80
id,79
quam,77
dicitur,74
eo,73
quo,73
filiam,72
interfecit,68
cui,66
ob,63
de,62
filio,59
itaque,58
ea,57
propter,56
fuit,55
sibi,51
postea,50
nauibus,49
occidit,48
filiae,48
dedit,47
uenit,47
rex,46
eos,46
suum,46
suo,45
fecit,45
ille,45
Ex,44
regem,44
qua,44
si,43
filii,43
filios,42
suam,42
atque,42
Ioue,41
Hercules,41
Apollo,40
at,40
quibus,40
numero,40
ne,39
ibi,39
illa,38
erat,38
coniugium,38
per,37
pro,36
mare,35
matrem,35
tunc,35
unde,35
uidit,35
iussit,34
inter,34
Ulixes,34
quos,33
Neptuni,33
inde,33
nomine,33
alii,32
sed,32
uenisset,32
cuius,31
uellet,31
regnum,31
coepit,30
ipse,30
responsum,29
Apollinis,29
dum,29
hic,29
re,28
Liber,28
Martis,28
is,28
patris,28
essent,28
Minerua,27
ita,27
pater,27
idem,27
patrem,27
misit,26
Neptunus,25
habuit,25
uxorem,25
mortem,25
QUI,25
primus,25
hoc,24
Iuno,24
patre,24
suos,24
ubi,24
uoluit,23
eis,23
insula,23
Thebas,23
insulam,23
interficere,22
factum,22
dixit,22
postquam,22
monte,22
natus,22
regis,22
dicunt,22
patriam,22
deorum,22
sua,21
ipsa,20
Solis,20
procreauit,20
post,20
fratris,20
flumen,20
Theseus,20
tempore,20
item,20
super,20
eorum,20
concubuit,20
fratrem,20
Medea,19
regno,19
hanc,19
petit,19
Dianae,19
fidem,19
uxor,19
fulmine,19
Priami,19
iussu,18
filias,18
Apolline,18
frater,18
fratre,18
die,18
terram,18
Troiam,18
Achilles,18
Mercurius,17
loco,17
sacra,17
Herculis,17
Thestii,17
neque,17
apud,17
primum,17
tradidit,17
suae,17
Agamemnon,17
praecipitauit,16
Iason,16
sagittis,16
suis,16
accepit,16
septem,16
dicuntur,16
hi,16
quis,16
posset,16
nec,16
his,16
terra,16
interfecerunt,16
regi,16
siue,16
Aiax,16
ait,16
Iuppiter,15
Colchos,15
facta,15
uoluntate,15
quoniam,15
templum,15
coniugem,15
nam,15
Peliae,15
posse,15
Oenei,15
nauem,15
uenissent,15
aquam,15
Polynices,15
quia,15
Agamemnonis,15
Ino,14
necauit,14
eodem,14
tum,14
data,14
matre,14
hunc,14
Aegei,14
Minois,14
Argis,14
interficeret,14
peperit,14
Cephalus,14
Graece,14
quid,14
Diana,13
partem,13
Aeoli,13
duos,13
Cadmi,13
daret,13
mater,13
coeperunt,13
profectus,13
Mercurii,13
Argiuus,13
ideo,13
enim,13
illi,13
monitu,13
uenerunt,13
amorem,13
respondit,13
Mineruae,13
corpus,13
sui,13
audita,13
Iouem,13
Thebis,13
Ceres,12
clam,12
interfectus,12
fuisse,12
fieri,12
Castor,12
Pollux,12
sub,12
noctu,12
haec,12
impulsu,12
sepulturae,12
constituit,12
muneri,12
Pandionis,12
redit,12
ET,12
homines,12
petiit,12
uicit,12
e,12
Ulixem,12
QUAE,12
circuitu,12
stadia,12
Scylla,11
draco,11
uestem,11
ac,11
pollicetur,11
duceret,11
quoque,11
uenisse,11
Agenoris,11
compressit,11
pastores,11
taurum,11
Dianam,11
praeter,11
conuersus,11
rege,11
aiunt,11
nomen,11
quidam,11
ostendit,11
uel,11
Pelopis,11
interim,11
filiis,11
tempestate,11
quomodo,11
FILII,11
iam,11
diu,11
timens,11
coniecit,11
profugit,11
aestimans,11
aliter,11
noluit,11
gladium,11
Minos,11
haberet,11
Perseus,11
Diomedes,11
Menelaus,11
Atlantis,11
Atreus,11
Thyestes,11
signum,11
inuenit,11
Ulixis,11
amauit,11
Electra,10
Neptuno,10
Aeeta,10
canis,10
cognita,10
quas,10
nos,10
recepit,10
sustulit,10
sororem,10
resciit,10
faceret,10
irata,10
urbe,10
Danai,10
Lynceus,10
dictus,10
Arcadia,10
eas,10
seruauit,10
alius,10
armis,10
Pelopia,10
Athenas,10
diceret,10
Deianira,10
coniunx,10
appellatur,10
sociis,10
nati,10
Oedipus,10
Talai,10
Adrastus,10
Helenam,10
Atrei,10
ludis,10
Telephus,10
infantem,10
tres,9
Clymene,9
capite,9
Circe,9
pellem,9
coniugio,9
regia,9
mittit,9
huic,9
anno,9
detulit,9
matris,9
liberos,9
Argus,9
nymphae,9
uelle,9
appellatus,9
Liberi,9
Lycum,9
uno,9
oppidum,9
aut,9
nauis,9
Idas,9
Althaea,9
mari,9
humana,9
Argonautae,9
hospitio,9
Iunonis,9
indicat,9
tam,9
sciret,9
hospitium,9
iterum,9
donauit,9
iratus,9
daturum,9
iubet,9
pedes,9
gratiam,9
responso,9
currum,9
Oedipodis,9
puerum,9
Clytaemnestram,9
Aegisthus,9
rem,9
patri,9
Alexander,9
nisi,9
artem,9
occiditur,9
Orestes,9
Danaus,9
Sicilia,9
eiusdem,8
Latona,8
Aurora,8
sine,8
Boeotia,8
nouem,8
Phrixum,8
Themisto,8
natos,8
interfecisse,8
Delphos,8
appellantur,8
templo,8
posuit,8
beneficio,8
duxit,8
causa,8
Cadmus,8
ira,8
Antiopa,8
montem,8
adduxit,8
pastor,8
deuenit,8
Amphion,8
Apollinem,8
Ilio,8
Peleus,8
Argo,8
aurum,8
Ancaeus,8
alter,8
appellata,8
Hercule,8
aprum,8
Medeae,8
ante,8
earum,8
genus,8
imposuit,8
Iasone,8
nomina,8
uidisset,8
etiam,8
apposuit,8
possent,8
dare,8
sacerdotem,8
morte,8
inferos,8
sensit,8
Mycenis,8
canem,8
Aegypto,8
omnis,8
uiolare,8
scelus,8
Daedalus,8
sorore,8
percussit,8
commutauit,8
caput,8
Amphiaraus,8
equum,8
domum,8
rediret,8
Thyestis,8
Agamemnonem,8
Achiui,8
pecora,8
OCCIDERUNT,8
deinde,8
Eumaeus,8
Harpalyce,8
FUERUNT,8
Agaue,7
Merope,7
Athamas,7
imprudens,7
Ioui,7
misericordia,7
nutricem,7
obiecta,7
dicimus,7
pelagus,7
uenatione,7
Lycus,7
quaereret,7
fuerat,7
formae,7
muro,7
effigiem,7
sacrum,7
memor,7
facere,7
unam,7
Elati,7
pecus,7
nunc,7
auctores,7
speciem,7
Aeaci,7
Meleager,7
Creta,7
Iasonem,7
ceteri,7
formam,7
diem,7
arma,7
contendere,7
dederunt,7
sumpserunt,7
Aeetae,7
fano,7
coniuge,7
uirgo,7
audiuit,7
contra,7
Alcestis,7
Medus,7
adhuc,7
Creontis,7
magnitudine,7
Typhonis,7
fontem,7
tantam,7
quicquid,7
conuertit,7
interuenit,7
Adrasti,7
uirginem,7
beneficium,7
una,7
natum,7
Progne,7
Thesei,7
suspendio,7
fecerunt,7
prima,7
oppugnatum,7
tantum,7
sex,7
solus,7
amore,7
ipsum,7
Pelops,7
Atreum,7
habebat,7
Aegisthum,7
Cassandra,7
Neoptolemus,7
Orestem,7
Hectore,7
Aeneas,7
delphini,7
Oceani,7
sorores,7
Theonoe,7
Terra,6
Pasiphae,6
Argia,6
Alcyone,6
Celaeno,6
uxore,6
occasione,6
consilium,6
fore,6
libens,6
unum,6
patefecit,6
insania,6
quinto,6
appellatum,6
Aesonis,6
Thessalia,6
captiuam,6
insaniam,6
Semele,6
uirum,6
grauidam,6
huius,6
uellent,6
Tantali,6
duodecim,6
annos,6
ueniret,6
nemo,6
Antigona,6
feminam,6
Athenis,6
fluminis,6
Peloponneso,6
tamen,6
Apharei,6
Lynceum,6
solitus,6
subito,6
Pylius,6
Leucippe,6
habuisse,6
aues,6
hae,6
quorum,6
Hippodamiae,6
appellati,6
apro,6
percussus,6
occiso,6
sic,6
quattuor,6
In,6
uxores,6
dies,6
nocte,6
naufragio,6
facto,6
agnouit,6
simultatem,6
rogauit,6
alium,6
posita,6
uoluntatem,6
habere,6
Creon,6
sacerdos,6
satellites,6
potestatem,6
audisset,6
ensem,6
iniurias,6
duas,6
sagittas,6
suas,6
equos,6
Megaram,6
Deianiram,6
Mercurio,6
parentes,6
puberem,6
aetatem,6
arborem,6
Minotaurum,6
hospitem,6
dictum,6
occiderunt,6
epulis,6
ictus,6
complures,6
proci,6
Iunonem,6
amissis,6
concumbere,6
conuocauit,6
nutrix,6
Sisyphus,6
fecisset,6
sorte,6
Argos,6
specie,6
Menoecei,6
ceteros,6
regni,6
dat,6
exercitum,6
Arcas,6
Polydorus,6
impetrauit,6
Menelao,6
fratres,6
amisso,6
Antilochus,6
Patroclus,6
rapuit,6
compressione,6
Priamus,6
formosissima,6
clipeum,6
centum,6
Auge,6
Laodamia,6
Pylade,6
Oreste,6
socios,6
Circen,6
restituit,6
Cum,6
Polyidus,6
terras,6
Erigone,6
Iunoni,6
Schoenei,6
Nisus,6
Cura,6
Epaphus,5
Saturnus,5
Agrius,5
Medusa,5
Prometheus,5
Aethra,5
Saturno,5
Harmonia,5
Python,5
Colchis,5
superiorem,5
feminae,5
inferiorem,5
capita,5
fruges,5
sterilitas,5
praecepit,5
Libero,5
arietem,5
aries,5
decidit,5
auum,5
peteret,5
Dia,5
Medeam,5
concubuerat,5
occiderat,5
dracones,5
imperauit,5
appellarunt,5
uero,5
fratri,5
reliquit,5
educauit,5
ipsi,5
concessit,5
Tantalus,5
ducibus,5
transtulit,5
Oeagri,5
Thrax,5
Minyae,5
Iasonis,5
Oechalia,5
Ixionis,5
Telamon,5
petierunt,5
pelle,5
Ledae,5
Althaeae,5
Calais,5
Aquilonis,5
Asclepius,5
Iphicli,5
Philoctetes,5
Poeantis,5
omnes,5
habuerunt,5
naue,5
exisset,5
sororis,5
Herculem,5
stellas,5
Lemno,5
duxerunt,5
nuntiauit,5
seruitutem,5
hostes,5
interiit,5
canes,5
monstrauit,5
more,5
simulauit,5
persecutus,5
iudicem,5
negauit,5
obiecit,5
signo,5
paternum,5
procreasset,5
regiam,5
ardere,5
exsequi,5
possedit,5
sedens,5
credens,5
uim,5
flumine,5
detraxit,5
attulit,5
aquilam,5
cor,5
Ophiten,5
abduxit,5
Hippodamiam,5
interfecisset,5
Cretam,5
auxilium,5
Icarus,5
occisus,5
adeo,5
rescisset,5
obisse,5
dicit,5
audito,5
Erechtheus,5
ceterae,5
equi,5
Deionis,5
uitam,5
potuit,5
Alcestim,5
peterent,5
feras,5
liberaliter,5
interficiendum,5
media,5
poenas,5
spiritum,5
simulacrum,5
funebres,5
uentus,5
peruenit,5
sciscitatum,5
promisit,5
senex,5
ueste,5
duce,5
Eteocle,5
Capaneus,5
Eteocles,5
Tydeus,5
rogat,5
SEPTEM,5
Capanei,5
cognouit,5
figuram,5
monitus,5
secundum,5
mortales,5
uirgines,5
equo,5
Eurypylus,5
Thoas,5
Hector,5
Deiphobus,5
Cissei,5
omnibus,5
Hecuba,5
Paris,5
Ithacam,5
annum,5
hastam,5
Achillis,5
Iphigeniam,5
Acasti,5
diis,5
Protesilai,5
Palamedis,5
castra,5
fugauit,5
Glaucus,5
Sarpedon,5
Agenor,5
saxa,5
Aegyptum,5
Mycenas,5
Orestis,5
fines,5
Penelopen,5
Penelope,5
Italiam,5
dixerunt,5
numerum,5
nigrum,5
pueri,5
ignem,5
Cygnus,5
Callisto,5
Lycaonis,5
Archelaus,5
certamine,5
Theano,5
equa,5
Alopes,5
Midas,5
Clymenus,5
Babylonia,5
Harmodius,5
Moerus,5
tertio,5
medicinam,5
litteras,5
Parcae,4
Clotho,4
Lachesis,4
Atropos,4
Eurytus,4
Eurynome,4
Maera,4
Cydippe,4
Phoebe,4
Sol,4
Luna,4
Calypso,4
Iunone,4
Musae,4
Phaethon,4
Dioxippe,4
seruabat,4
Chimaera,4
serpens,4
Hellen,4
Hypsei,4
Melicerten,4
nacta,4
penuria,4
frugum,4
partim,4
fame,4
finem,4
Phrixus,4
aram,4
Inus,4
cognito,4
eripuit,4
deum,4
caueret,4
deiecit,4
Nyctei,4
incidit,4
effugit,4
fons,4
casu,4
Antiopam,4
parit,4
Lyci,4
facti,4
Labdaci,4
anteposuit,4
liberis,4
Amphionis,4
Hippocoontis,4
decem,4
Chloridis,4
pede,4
Euhenum,4
Pelias,4
praecepti,4
hominum,4
Clymeni,4
Orpheus,4
Polyphemus,4
pedibus,4
Admetus,4
Echion,4
Caeneus,4
ferro,4
nonnulli,4
Neptunum,4
dedisse,4
Mopsus,4
Demonassae,4
Aethrae,4
Pitthei,4
Troezene,4
Pirithous,4
Teleontis,4
Tiphys,4
gubernator,4
Ariadnes,4
Nauplius,4
Idmon,4
uidisse,4
Nelei,4
Calydonius,4
Laocoon,4
Zetes,4
pectus,4
Magnesia,4
Coronidis,4
Iolaus,4
Argonautis,4
peruenerunt,4
Moesia,4
cithara,4
uictus,4
fluctibus,4
itinere,4
balteum,4
uoluerunt,4
opera,4
ergo,4
fuerunt,4
prae,4
Lemniades,4
Thoantem,4
reginae,4
Hypsipyle,4
plures,4
imposuerunt,4
eandem,4
arbitrans,4
postero,4
uenerat,4
cogebat,4
contendit,4
huc,4
iter,4
petrae,4
inuenerunt,4
casus,4
perduxerunt,4
longe,4
semper,4
consilio,4
lapidem,4
duabus,4
interuenisset,4
accepto,4
Corinthum,4
Corinthius,4
Aegeum,4
delatus,4
Hippoten,4
custodia,4
caelum,4
comprimere,4
ceruam,4
Amphitryon,4
expugnandam,4
adesse,4
omnia,4
mala,4
deos,4
Therimachum,4
deae,4
Iolen,4
centaurum,4
reddere,4
centauri,4
multos,4
sanguine,4
nata,4
pyram,4
Aegeus,4
mitteret,4
Theseum,4
corporis,4
dictae,4
amaret,4
parte,4
Icarium,4
Siciliam,4
reduxit,4
Atheniensibus,4
posteaquam,4
instituit,4
uictor,4
futurum,4
Tereus,4
manu,4
fide,4
Hippolytum,4
repente,4
REGES,4
bestias,4
petebant,4
Aeacus,4
morari,4
tenens,4
fatum,4
quemadmodum,4
Thetis,4
immani,4
Aegyptus,4
Cinyrae,4
Adonis,4
Salmonei,4
Tyro,4
saxum,4
Sisyphi,4
Acrisii,4
peperisset,4
aureum,4
inuenisset,4
Perseum,4
Laii,4
parentibus,4
iret,4
carmen,4
aliquis,4
interpretatus,4
Tiresias,4
fecisse,4
peracto,4
Adrasto,4
deuoratus,4
alio,4
Argiam,4
Adrastum,4
unus,4
perduci,4
nascitur,4
Oeclei,4
redierunt,4
Polynicis,4
nympha,4
Sthenelus,4
Tydei,4
soror,4
isset,4
puero,4
an,4
Tyndareus,4
Helenae,4
Tyndarei,4
sacrificantem,4
Proserpinam,4
proelio,4
sponsam,4
ossa,4
gladio,4
superauit,4
Protesilaus,4
Idomeneus,4
epulum,4
Hippodamia,4
recuperauit,4
Plisthenem,4
exposuit,4
inuentum,4
capra,4
Thyeste,4
infantes,4
tunicam,4
Thyestem,4
Pelopiam,4
Troianorum,4
Iliona,4
Hippothous,4
Dymantis,4
ardentem,4
Alexandrum,4
incensus,4
descendit,4
certamen,4
malum,4
formosissimam,4
donum,4
Palamedes,4
negaret,4
Locrus,4
Thestoris,4
cerua,4
mortalem,4
Achille,4
Clytaemnestrae,4
horas,4
tandem,4
auri,4
Patroclo,4
circa,4
duci,4
Troia,4
Polydorum,4
SE,4
Glaucum,4
Clytaemnestra,4
Pylades,4
Iphigenia,4
secundo,4
Chryses,4
Inachi,4
Beli,4
socii,4
consumere,4
acceperat,4
praeteruectus,4
procos,4
Telemacho,4
muneribus,4
Parthaonis,4
Oeneus,4
Oeneo,4
astrorum,4
monstrum,4
album,4
Cereris,4
Euadne,4
uiros,4
interitum,4
Boeotus,4
Abas,4
Amymone,4
citharae,4
Danaum,4
satyrum,4
iaculo,4
cursu,4
Metapontus,4
Aeolus,4
Procris,4
iaculum,4
crinem,4
Pan,4
Semiramis,4
SUOS,4
Aristogiton,4
decimo,4
EX,3
Aegle,3
Atlas,3
Dione,3
Melite,3
Polyxo,3
Inachus,3
Ephyre,3
Opis,3
Arethusa,3
Eurydice,3
Philyra,3
Maia,3
Mars,3
Proserpina,3
arietis,3
interemit,3
Sphinx,3
Hesperidum,3
Callirhoe,3
Nebula,3
Learchum,3
putaret,3
decepta,3
uoluisset,3
referret,3
pestilentiae,3
caliginem,3
Melicerte,3
Matutam,3
fiunt,3
silua,3
ascendere,3
Aeolum,3
immolare,3
Chalciopen,3
prodigiis,3
Melas,3
hos,3
Inonem,3
perisse,3
adductam,3
sumpsit,3
candidis,3
maiorem,3
dea,3
Argiopes,3
draconem,3
custodem,3
suorum,3
Epapho,3
dolum,3
Lyco,3
Dircen,3
concubuisse,3
partus,3
uinculis,3
pareret,3
ipso,3
alterum,3
corpore,3
iunxit,3
ferret,3
interfecto,3
mandauit,3
Zetus,3
eundem,3
locum,3
delata,3
occidere,3
exsilium,3
obtinere,3
Latonae,3
locuta,3
filiorum,3
Latonam,3
flendo,3
hodie,3
Chloris,3
Neleus,3
expugnaret,3
Periclymenus,3
aui,3
Nestor,3
fratrum,3
Phthia,3
annua,3
neglexit,3
hoste,3
Graeciae,3
mentes,3
dux,3
Pheretis,3
duo,3
Thessalus,3
putant,3
modo,3
interfici,3
mortalis,3
Ampyci,3
augurio,3
iuxta,3
Eurytion,3
Clytius,3
Euryti,3
Euboea,3
Thebanus,3
Hylas,3
intellexit,3
capitibus,3
Oebali,3
Alei,3
Lycurgi,3
Hippasi,3
Euphemus,3
eadem,3
Harpyias,3
Iasoni,3
comites,3
bracchia,3
Thracia,3
Oenomai,3
Deucalion,3
comes,3
uento,3
condita,3
periit,3
Propontide,3
stramentatum,3
perierunt,3
obiit,3
Chalciopes,3
habiturus,3
exirent,3
pennas,3
rettulit,3
naues,3
conuersa,3
nautae,3
habet,3
quinque,3
mulieres,3
priores,3
omne,3
Hypsipylen,3
Tauricam,3
Argonautas,3
orta,3
delati,3
litore,3
contulit,3
litus,3
insulae,3
poena,3
resistere,3
ire,3
draconis,3
amatus,3
abiecit,3
pugnantes,3
uenenis,3
satellitibus,3
Alcinous,3
Arete,3
fuerit,3
mulier,3
iudicium,3
tradita,3
tot,3
sacerdote,3
maior,3
multa,3
ueri,3
Hippothoe,3
occisum,3
Mermerum,3
Pheretem,3
hominem,3
coronam,3
Creusa,3
Corintho,3
iunctis,3
draconibus,3
sepultus,3
exit,3
Persen,3
prodidit,3
missum,3
colloqui,3
cognominauit,3
mira,3
mons,3
obsistere,3
pati,3
Alcimena,3
thalamos,3
mihi,3
AB,3
miserat,3
necaret,3
ceruum,3
Diomedem,3
carne,3
Theseo,3
conspectum,3
sacrorum,3
cetum,3
cornu,3
repudiauit,3
missus,3
mentis,3
factus,3
dari,3
sortem,3
reddidit,3
centaurus,3
uino,3
sublatam,3
moriens,3
diligenter,3
petiisset,3
Herculi,3
sol,3
dederat,3
cecidit,3
indicium,3
peruenisset,3
faciebat,3
hospes,3
lecto,3
pari,3
Cercyonem,3
Eupalami,3
inuidiam,3
Minoem,3
fecerat,3
alia,3
exsul,3
compressu,3
Minotauro,3
custodiam,3
Europae,3
pugna,3
Athenienses,3
uela,3
Ariadne,3
proderet,3
seruaret,3
auexit,3
filiabus,3
Thraciam,3
Tereo,3
Dryantem,3
Philomela,3
interficerent,3
Eumolpus,3
Atticam,3
immolaretur,3
ipsae,3
adamauit,3
equis,3
distraxerunt,3
Terrae,3
Erichthonius,3
Glauco,3
fulmina,3
adiuuaret,3
leonem,3
seruitute,3
auem,3
persequeretur,3
oleam,3
Delos,3
concumberet,3
datur,3
Peleo,3
afferret,3
conatus,3
hospite,3
Stheneboea,3
Assyriorum,3
rediturum,3
arbores,3
Salmoneus,3
ciues,3
supposuit,3
Danae,3
arca,3
Dictys,3
Polydectes,3
deprecatus,3
numquam,3
Gorgonis,3
Laio,3
Iocasta,3
Periboea,3
expositum,3
erant,3
nominauerunt,3
Postquam,3
Iocastes,3
falso,3
pedem,3
inscius,3
edixit,3
Iocasten,3
Polynicen,3
Antigonam,3
genere,3
Menoeceus,3
ferre,3
repetit,3
cedere,3
capturum,3
murum,3
ascenderet,3
Thebani,3
Eueris,3
augur,3
Deipylam,3
expulsus,3
aprinea,3
insignia,3
Calydonium,3
Thersander,3
portas,3
leonis,3
Hypermestra,3
Parthenopaeus,3
Meleagri,3
Parthenio,3
duces,3
Atalantes,3
uictores,3
Alcmaeon,3
Amphiarai,3
sublatum,3
Haemon,3
imperium,3
Hypermestrae,3
sorori,3
furiae,3
ibant,3
deuenerunt,3
nutriebat,3
percussisse,3
mulieris,3
sortibus,3
femina,3
Echionis,3
Castorem,3
dignitatem,3
Agamemnone,3
rapuerunt,3
quiete,3
Plutone,3
Idam,3
stellam,3
semine,3
Ascalaphus,3
Telamonius,3
Peneleus,3
Nireus,3
Polypoetes,3
Eumelus,3
Tlepolemus,3
Machaon,3
Meriones,3
uult,3
consumpsit,3
numine,3
quadrigis,3
Myrtilo,3
eiectus,3
Thyesti,3
caprae,3
Tantalum,3
Thesprotum,3
deposita,3
luco,3
simulans,3
causam,3
consumptae,3
Teucer,3
FILIAE,3
Helenus,3
Laomedontis,3
Hecubae,3
exisse,3
foret,3
missi,3
Priamum,3
ancillis,3
Assaraci,3
Anchises,3
egentem,3
Achillem,3
periturum,3
habitu,3
Pyrrham,3
capillis,3
miserunt,3
munera,3
hostem,3
muliebrem,3
AD,3
QUOT,3
Phoenix,3
Amyntoris,3
Pelei,3
Scyro,3
Menoetii,3
Laertae,3
Deucalionis,3
Philocteta,3
Euryalus,3
Calchas,3
Pyrrha,3
delectis,3
adduxisset,3
Atalante,3
sustulerunt,3
Telephum,3
Moesiam,3
quaerens,3
neminem,3
inscia,3
implorauit,3
uulnere,3
remedium,3
te,3
demonstrauit,3
expositus,3
dolorem,3
matutino,3
Nauplii,3
tabernaculum,3
obruit,3
sacerdotis,3
sacerdoti,3
iram,3
auro,3
Acamas,3
uiderunt,3
procreauerat,3
capta,3
Polymnestorem,3
Electram,3
Alexandro,3
corpora,3
Agenorem,3
Penthesilea,3
numerus,3
Cassandram,3
naufragium,3
tempus,3
credentes,3
cepit,3
alligauit,3
Helena,3
mortuum,3
Strophii,3
occasionem,3
pastoribus,3
audiens,3
Chrysen,3
remisit,3
Aegisthi,3
Hermionen,3
Phoroneus,3
Pelasgus,3
foliis,3
suauitatem,3
praestabat,3
Ulixe,3
gratia,3
uentorum,3
duobus,3
deciperet,3
cantum,3
Tiresiae,3
Cephalum,3
Telegonus,3
appellauit,3
famuli,3
petitum,3
iis,3
Coerani,3
hospitis,3
Erigonae,3
frugibus,3
Nyso,3
Lycurgus,3
Liberum,3
India,3
praecipitauerunt,3
Anchisae,3
includi,3
Polyphontes,3
Meropen,3
Meropes,3
inuenisse,3
caelo,3
circum,3
Proserpinae,3
mortalium,3
Io,3
sit,3
Eleusinum,3
igne,3
Triptolemo,3
tribuit,3
Belus,3
Cercyon,3
Sterope,3
tibias,3
cantu,3
Marsya,3
negat,3
utero,3
puella,3
Plexippum,3
corona,3
titionem,3
titio,3
Meleagrum,3
luctu,3
inquit,3
Actaeon,3
Aristaei,3
tradunt,3
sidera,3
Hyades,3
Saturni,3
Lycothersen,3
Melanippen,3
poetae,3
uacca,3
uicerunt,3
Procri,3
Sed,3
uirgulta,3
Thestor,3
Cariam,3
uocant,3
Harpalycen,3
Arion,3
delphinum,3
monimentum,3
Arionem,3
crucifigi,3
relatus,3
pisces,3
Autolyci,3
solis,3
uidetur,3
SUNT,3
Danaes,3
Icari,3
Athamantis,3
PRIMI,3
INTERFECERUNT,3
Cinyras,3
Paphi,3
Argiuae,3
Selinuntium,3
amicum,3
translata,3
Mnestheus,3
praemium,3
repperit,3
xxc,3
ager,3
Caligine,2
Discordia,2
Aethere,2
Tartarus,2
Titanes,2
Moneta,2
Tartaro,2
Pelorus,2
Pallas,2
Ephialtes,2
Ponto,2
Rhodope,2
Clytia,2
Nilus,2
Indus,2
Ismenus,2
Achelous,2
Tigris,2
Nereides,2
quinquaginta,2
Glauce,2
Pherusa,2
Leucothoe,2
Ceto,2
hac,2
Asterie,2
Perses,2
Chiron,2
Zephyrus,2
Boreas,2
Pleione,2
gigante,2
Cerere,2
Marte,2
Acheloo,2
Sirenes,2
diuinus,2
Ocypete,2
Sole,2
Helie,2
Aetherie,2
Typhone,2
Echidna,2
Gorgon,2
Cerberus,2
auream,2
Chrysaor,2
equus,2
Pegasus,2
Chrysaore,2
Geryon,2
trimembris,2
Sphincium,2
Orchomenum,2
INO,2
Harmoniae,2
nascerentur,2
ciuitas,2
morbo,2
immolasset,2
ciuitatem,2
liberaturum,2
adductus,2
facinore,2
supplicium,2
Leucotheam,2
Matrem,2
Palaemonem,2
ludi,2
Helle,2
errarent,2
Marti,2
Hellespontum,2
immolauit,2
inauratam,2
dracone,2
Cylindrus,2
transirent,2
naufragos,2
EURIPIDIS,2
geminos,2
peruenisse,2
celauit,2
inuentam,2
rei,2
operuit,2
toto,2
fontis,2
Illyriae,2
regionibus,2
uiro,2
matrimonium,2
suspicio,2
uinctam,2
Cithaeronem,2
cumque,2
biuio,2
coegit,2
partum,2
educarunt,2
Amphionem,2
priuarunt,2
stuprum,2
minitans,2
periculum,2
mulierem,2
Nycteus,2
ferens,2
moreretur,2
mandat,2
Sicyonem,2
nominauit,2
Dirce,2
fugae,2
existimans,2
pastore,2
celeriter,2
simul,2
NIOBE,2
Antiopes,2
usque,2
Diones,2
uiri,2
cultu,2
deorsum,2
Sipylo,2
lacrimae,2
Niobes,2
Neleum,2
tria,2
saecula,2
Neaera,2
Astycratia,2
Ogygia,2
superuenisset,2
cupidus,2
transiret,2
sortium,2
sacrauerat,2
petere,2
anum,2
conuertisset,2
transferrent,2
Alcimedes,2
effecit,2
Olympo,2
mantis,2
Asterion,2
Pellene,2
Hyperasii,2
Iphiclus,2
Phylaci,2
Periclymene,2
traxit,2
Alope,2
uocatur,2
Aethalides,2
Caenei,2
nullo,2
arborum,2
necari,2
Iri,2
lacum,2
urbem,2
Actoris,2
oppido,2
Oileus,2
Iphitus,2
Chironis,2
Aegina,2
caedem,2
uocat,2
Butes,2
Phorbantis,2
Polybi,2
Phliunte,2
Electryonis,2
Theodamantis,2
comitem,2
Amymones,2
quamuis,2
fatali,2
uiderentur,2
ferox,2
Cepheus,2
Cleobules,2
aquas,2
cucurrisse,2
Porthaonis,2
Lacedaemonius,2
uenti,2
Orithyiae,2
Erechthei,2
aere,2
fugauerunt,2
Phineo,2
insulas,2
Aegeo,2
gallinaceis,2
unguibus,2
occisi,2
superpositi,2
lapides,2
flatibus,2
Phocus,2
Actor,2
Tricca,2
Pasiphaes,2
Meliboea,2
Coroni,2
Acastus,2
Biantis,2
pallio,2
plurimos,2
Clymenes,2
Ascanium,2
ciuitate,2
rexit,2
delatum,2
Eurybates,2
interfecti,2
Libya,2
Africa,2
accesserunt,2
Phrixi,2
eduxisset,2
ducem,2
potius,2
oportere,2
remos,2
sederunt,2
astris,2
gubernaculo,2
uersibus,2
Canis,2
lumine,2
puppim,2
solent,2
retro,2
caeli,2
contingere,2
magno,2
litora,2
puppe,2
uestigia,2
sese,2
aliquot,2
tempestas,2
custos,2
constituta,2
Deipylum,2
discesserunt,2
Cyzicus,2
Propontidis,2
excepit,2
ignari,2
prope,2
regna,2
honorem,2
saepe,2
morantur,2
exissent,2
diutius,2
sepultura,2
moritur,2
Cleopatra,2
nouercae,2
consilia,2
enuntiaret,2
demonstraret,2
rogarent,2
liberarunt,2
Symplegadas,2
mitterent,2
Phinei,2
Diam,2
pennis,2
multitudini,2
hastas,2
nudos,2
Argum,2
auxilio,2
occulto,2
collocari,2
cur,2
Chalciope,2
quamdiu,2
consecrauerat,2
auratam,2
iugo,2
sereret,2
statim,2
mutuo,2
imperata,2
omni,2
periculo,2
armati,2
enati,2
profugisse,2
comparata,2
Histria,2
distulit,2
interrogatus,2
ciuitatibus,2
Argiuos,2
interrogaret,2
quidnam,2
parenti,2
sin,2
coniugi,2
antro,2
profecti,2
Absyrtus,2
praecepta,2
sacrificaret,2
timentes,2
condiderunt,2
facturam,2
facilius,2
patria,2
potitus,2
MEDEA,2
fortem,2
minorem,2
munere,2
caste,2
scelerata,2
tumulum,2
extra,2
debitum,2
naturae,2
progenie,2
cauere,2
persequitur,2
inimici,2
quaerit,2
conici,2
curru,2
ementita,2
expiare,2
iniuriam,2
interficiendus,2
productus,2
auitum,2
Iphimedes,2
crescebant,2
conati,2
Pelion,2
uiribus,2
incensi,2
poenam,2
columnam,2
deligati,2
Oechaliam,2
thalamis,2
uictorem,2
minime,2
intrasset,2
uideret,2
signa,2
numen,2
compressa,2
HERCULIS,2
manibus,2
nutrierat,2
Lernaeum,2
ueneni,2
dormientem,2
cruciatu,2
monstrante,2
felle,2
uiuum,2
Eurysthei,2
stercus,2
adiutore,2
totum,2
Thraciae,2
Xanthus,2
Amazonam,2
Otrerae,2
telo,2
seruare,2
Eurystheo,2
Cerberum,2
inferis,2
terrae,2
hospites,2
Busiridem,2
legem,2
audiit,2
passus,2
adduci,2
Busiris,2
Laomedonta,2
exedebat,2
figuras,2
Deianirae,2
interfecerat,2
Nessum,2
speratam,2
tricipitem,2
compos,2
datus,2
Nubis,2
pollicitus,2
constituto,2
fratribus,2
aliis,2
nuptiis,2
rapere,2
ipsis,2
Nessus,2
implorasset,2
confixit,2
haberent,2
sanguinem,2
iuberet,2
expugnauit,2
uirgine,2
eximiae,2
priuaret,2
Nessi,2
tinctam,2
dixerat,2
petra,2
concubuerunt,2
lapide,2
tolleret,2
missam,2
grauiter,2
proposito,2
dato,2
longitudinem,2
Perdicem,2
artificii,2
serram,2
inuenerat,2
infandum,2
uaccae,2
corium,2
tauro,2
inferiore,2
Daedalum,2
liberauit,2
altius,2
uolans,2
sole,2
cera,2
calamitate,2
afficeretur,2
uoluntarie,2
reuerteretur,2
adamatus,2
Ariadnen,2
oblitus,2
Daedali,2
illae,2
Prognen,2
Philomelam,2
alteram,2
Pandion,2
custodes,2
paelicem,2
deduxit,2
Terei,2
facinus,2
machinari,2
talem,2
ostendebatur,2
accipitrem,2
obisset,2
exercitu,2
expostulauit,2
rogatu,2
Phaedra,2
priuignum,2
tabellas,2
Hippolyto,2
optauit,2
exitium,2
Hippolytus,2
Cecrops,2
Erichthonii,2
Aesculapius,2
nocere,2
repudiaret,2
iunxisset,2
aueheret,2
traditus,2
iunctos,2
illud,2
mori,2
uicaria,2
Asopi,2
uereretur,2
serpentem,2
formicas,2
praesidio,2
transfigurauit,2
Myrmidones,2
Titanis,2
commutata,2
enata,2
nasceretur,2
mittitur,2
interfecta,2
Caucaso,2
iusserat,2
exesset,2
annis,2
Graecia,2
augures,2
uenturos,2
Bellerophon,2
noluisset,2
Proetus,2
lectis,2
Smyrna,2
superbius,2
Smyrnae,2
palam,2
fieret,2
pudore,2
siluis,2
Phyllis,2
desiderium,2
lugent,2
folia,2
SALMONEUS,2
ultores,2
impietatem,2
aduersus,2
rursum,2
tonitrua,2
Ixion,2
credidit,2
rota,2
uerti,2
Acrisium,2
Acrisius,2
Polydectem,2
perduxit,2
repetitum,2
auo,2
interfecturum,2
ludos,2
facerent,2
disco,2
sepulto,2
auita,2
Andromeda,2
ceto,2
adducere,2
Agenore,2
sponsa,2
uirtutem,2
Luciferi,2
ambo,2
diebus,2
Polybo,2
Polybus,2
immisit,2
occupauit,2
Boeotiam,2
missa,2
agros,2
soluisset,2
Graeciam,2
scelera,2
Thebae,2
draconteo,2
interiisset,2
muris,2
exposuerat,2
luminibus,2
priuauit,2
adiuuante,2
ductoribus,2
etsi,2
uehemens,2
fumus,2
oppugnarent,2
praemonuit,2
ciuium,2
salutem,2
potiti,2
quadriga,2
partes,2
leoni,2
Menalippum,2
iuuenes,2
opertus,2
idcirco,2
ducere,2
Polynici,2
Tydeo,2
filiarum,2
Astynome,2
pulsus,2
uenando,2
Iphiti,2
captiua,2
Hipponoi,2
Iasii,2
paternas,2
EST,2
Aegialus,2
Hippomedontis,2
Eriphyle,2
Parthenopaei,2
Biantes,2
pyra,2
interficiendam,2
captus,2
demandauit,2
habebant,2
Therimachus,2
Ophites,2
exsequeretur,2
exagitarunt,2
ductores,2
Thoantis,2
tradit,2
instituerunt,2
Cyllenio,2
pristinam,2
iudicasset,2
excaecauit,2
Pentheus,2
Laius,2
Oedipi,2
cygnum,2
Pollucem,2
Leda,2
Agamemnoni,2
Pirithoo,2
detulerunt,2
pagum,2
incolumes,2
eduxit,2
Pirithoi,2
Leucippi,2
bellum,2
collocaret,2
pila,2
monumentum,2
quasi,2
indignans,2
interfectum,2
liceret,2
munus,2
Romani,2
seruant,2
institutum,2
pileum,2
Amphimachus,2
Agapenor,2
Elephenor,2
Podalirius,2
Polyxenus,2
Prothous,2
Menestheus,2
Meges,2
Tantalo,2
renuntiauit,2
aqua,2
fine,2
stare,2
sumere,2
poma,2
ingens,2
cetera,2
Oenomaus,2
Asteropes,2
multis,2
nouissime,2
crudelitatem,2
persuasit,2
Myrtilus,2
cogitauit,2
Thyesten,2
Chrysippum,2
bello,2
puer,2
nutriendum,2
ATREUS,2
rediit,2
scelere,2
delituit,2
inquinauit,2
abluere,2
prosiluit,2
adspexit,2
educari,2
Menelaum,2
sortes,2
cognouisset,2
concepisse,2
pectore,2
Laomedon,2
pecoris,2
fuissent,2
fraudauit,2
Hesionen,2
Polites,2
Hippasus,2
Nereis,2
Hero,2
concubitu,2
praegnans,2
facem,2
parere,2
patriae,2
Priamo,2
fiebat,2
inquisiuit,2
ducerent,2
indicant,2
funebribus,2
Alexandri,2
strinxit,2
uaticinaretur,2
IUDICIUM,2
excepta,2
discordia,2
imperat,2
Ida,2
pollicita,2
terris,2
regnaturum,2
discederet,2
Lacedaemone,2
copiam,2
amasse,2
Aeneam,2
uinum,2
coniuratos,2
uicesimum,2
solum,2
oratores,2
boue,2
simulare,2
Telemachum,2
cunis,2
uenturum,2
infestus,2
nominarunt,2
Danais,2
quaererent,2
Argiuis,2
IERUNT,2
Thetidis,2
Telamonis,2
Ithaca,2
Oilei,2
Thrasymedes,2
Nestoris,2
Admeti,2
Perrhaebia,2
Leitus,2
Ialmenus,2
itidem,2
Aetolia,2
Cycnus,2
Leonteus,2
Deidamiae,2
IPHIGENIA,2
Menelai,2
locutus,2
Diomede,2
Aulidem,2
miserata,2
Meleagro,2
inuentos,2
nutrierunt,2
Teuthrantem,2
Parthenopaeo,2
Augen,2
praestitit,2
thalamum,2
Auges,2
Achiuis,2
capi,2
facile,2
medicam,2
humanum,2
diuinas,2
nutriuit,2
attigisset,2
naui,2
Protesilaum,2
perierat,2
flens,2
petierat,2
aspexit,2
dolo,2
deceptus,2
moueri,2
magnum,2
epistulam,2
priorem,2
positam,2
A,2
quantum,2
Chryseida,2
Chrysi,2
proelium,2
Hectorem,2
inermis,2
attulerunt,2
sagitta,2
Ulixi,2
accepta,2
DANAI,2
Tenedo,2
arcem,2
exierunt,2
educandum,2
Thracum,2
nupta,2
alteri,2
Hectoris,2
teneri,2
reuerti,2
uox,2
Cyneum,2
INTER,2
Aenea,2
occiduntur,2
animam,2
Amazone,2
Memnone,2
Memnon,2
QUIS,2
OCCIDIT,2
Deiphobum,2
fit,2
Clytus,2
redirent,2
fluctus,2
locus,2
Aegistho,2
securi,2
Proteus,2
quando,2
debere,2
decesserat,2
Oresti,2
modus,2
Hypsipyles,2
conscendit,2
intra,2
spelunca,2
deprehensi,2
uinctos,2
immolarentur,2
exiret,2
Thoanti,2
Ad,2
nuntius,2
Aletes,2
Erigonam,2
Neoptolemo,2
datam,2
Temenus,2
Aristomachi,2
Temeni,2
malos,2
Cyclopem,2
Eurymi,2
oculum,2
carnem,2
humanam,2
ardenti,2
me,2
deridendi,2
dicere,2
deuorauit,2
undecim,2
euasit,2
uiginti,2
fugit,2
nihil,2
Telegonum,2
Elpenorem,2
socium,2
ebrium,2
cecidisse,2
superos,2
traderet,2
tumulo,2
gubernaculum,2
Anticlia,2
reuersus,2
rogauerat,2
fixit,2
Melpomenes,2
Acheloi,2
harum,2
uiuere,2
aures,2
piscis,2
coquerent,2
ter,2
enatauit,2
Aeaeam,2
ornatum,2
dimisit,2
hominibus,2
ipsius,2
adiutrice,2
Arcesium,2
Laertes,2
Latinus,2
linguam,2
casam,2
sybotes,2
agnosceret,2
solito,2
interdiu,2
Crastino,2
faciem,2
mendici,2
transformauit,2
Melanthius,2
uictum,2
arcum,2
procis,2
reliquas,2
Penelopes,2
Telemachus,2
Telegono,2
Telemus,2
OENEUS,2
Oeneum,2
liberale,2
uitem,2
plenum,2
uini,2
Icarius,2
plaustro,2
cane,2
medicamentum,2
fustibus,2
parentis,2
arbore,2
Icarii,2
relati,2
appellamus,2
sideribus,2
Indiam,2
nutricio,2
tertium,2
ornatu,2
Dryantis,2
Tyrrheni,2
Acoetes,2
aliud,2
quisquis,2
praecipitauerat,2
Tyrrhenum,2
nominibus,2
Libys,2
Epopeus,2
dolium,2
uobis,2
quaerere,2
colorem,2
noctuam,2
poni,2
Cresphonte,2
Aetoliam,2
quaerebat,2
hostiam,2
adeptus,2
IN,2
Tartara,2
oraculo,2
Parnasso,2
tutatus,2
Ortygiam,2
Parnassum,2
Pythia,2
astutia,2
Iapeti,2
luto,2
finxit,2
regnandi,2
Phoroneo,2
Nioba,2
undique,2
timore,2
Epaphum,2
Pluton,2
flores,2
Aetna,2
dimidia,2
Triptolemum,2
pepererat,2
lacte,2
alumno,2
adamante,2
Martem,2
constitutum,2
nuntiasset,2
conceptu,2
oppida,2
regnare,2
Memphim,2
plura,2
sustinere,2
oceanum,2
umeris,2
prouocauit,2
Aetnam,2
PHAETHON,2
Deucalionem,2
Phaethontis,2
populos,2
usus,2
igni,2
Graecis,2
uocauit,2
Lampetie,2
Europa,2
Dardanus,2
SOLIS,2
Libye,2
Leuconoe,2
Hyrieus,2
Epopei,2
Philammon,2
Dryas,2
Phlegyae,2
Euripides,2
Macarei,2
Linus,2
Urania,2
Penei,2
Hyllus,2
Leucippus,2
Mineruam,2
certatio,2
prohibuit,2
condidit,2
uisa,2
Marsyas,2
assidue,2
sonus,2
tibiis,2
membratim,2
negare,2
optionem,2
impetrata,2
Beroen,2
uoluptas,2
deo,2
Dionysus,2
pluribus,2
patrueles,2
fanum,2
AMYMONE,2
satyrus,2
Lernaeus,2
faciendum,2
fuscinam,2
misisset,2
Helice,2
Erato,2
conspexit,2
iuuenta,2
gesserat,2
Abanti,2
Danaides,2
fata,2
cecinerunt,2
consumptus,2
fatalem,2
agrum,2
uastaret,2
Alcon,2
Plexippus,2
Ideus,2
Cercyonis,2
uocantur,2
maerens,2
decessit,2
expulit,2
Sthenelo,2
Pelasgi,2
indidit,2
ursa,2
stellarum,2
Septentrio,2
Tethys,2
prohibet,2
mutatae,2
utraque,2
claram,2
Africam,2
Afri,2
latere,2
Cadmo,2
Semelen,2
immutata,2
conflagrauit,2
Autonoes,2
cornua,2
canibus,2
ceruo,2
Melampus,2
Harpyia,2
consumpserunt,2
Aethon,2
nutrices,2
quarum,2
Cisseis,2
Nysa,2
Bromie,2
Coronis,2
Eous,2
Schoeneus,2
Atalantam,2
fuisset,2
stadio,2
uictoriam,2
concubitum,2
proici,2
ueniebat,2
uidissent,2
aliquem,2
Metaponto,2
allata,2
Hippothoum,2
Theophane,2
Crumissam,2
abstulit,2
deceptam,2
tacta,2
demptis,2
iaculi,2
secuta,2
amissa,2
Thestorem,2
adiutorio,2
Marsyae,2
Midae,2
tetigisset,2
Chrysorrhoas,2
leone,2
habent,2
has,2
existimant,2
uix,2
oculis,2
Harpalycus,2
Amymneorum,2
Pyranthus,2
decantaret,2
Pyrantho,2
nuntiatur,2
monimento,2
prodit,2
protulit,2
ripam,2
Syria,2
Nisi,2
praecidit,2
piscem,2
Chione,2
albo,2
ungulis,2
coruum,2
Nyctimene,2
Lesbiorum,2
dixisse,2
Tu,2
licet,2
Arcadiae,2
Macedoniam,2
Archelao,2
oriundus,2
foueam,2
seruus,2
imponere,2
Pittacus,2
Thales,2
Solon,2
Chilon,2
Cleobulus,2
Bias,2
Prieneus,2
Ephesi,2
Amazon,2
Otrera,2
lapidibus,2
altum,2
circuitus,2
Ecbatanis,2
Dercetis,2
Alcumenae,2
Septentrionem,2
Ganymedes,2
SUAS,2
Hyacinthus,2
incestum,2
Canacen,2
FILIOS,2
Ityn,2
Athamante,2
auunculos,2
CONIUGES,2
pestilentiam,2
Proeti,2
Chrysippus,2
Admetum,2
Phegeus,2
Alphei,2
Oenomaum,2
Delo,2
Harpalyci,2
PIISSIMI,2
Cleops,2
Bitias,2
boues,2
horam,2
mortalibus,2
coniuges,2
Romanorum,2
tyrannum,2
commeatum,2
horae,2
scrofam,2
porcellos,2
habentem,2
Aristogitonem,2
frumentum,2
ignarus,2
sublata,2
FORMOSISSIMI,2
gymnicos,2
cantauerunt,2
uoce,2
luctatione,2
quarto,2
Gyas,2
Sergestus,2
Diores,2
Helymus,2
galeam,2
Entellus,2
antiqui,2
Hagnodice,2
medici,2
Hagnodicen,2
accusare,2
bonus,2
Graecas,2
aeque,2
serere,2
EXCERPTA,1
HYGINI,1
GENEALOGIIS,1
Chaos,1
Chao,1
Nox,1
Dies,1
Erebus,1
Aether,1
Nocte,1
Erebo,1
Fatum,1
Senectus,1
Mors,1
Letum,1
Continentia,1
Somnus,1
Somnia,1
Amor,1
Lysimeles,1
Epiphron,1
dumiles,1
Porphyrion,1
Miseria,1
Petulantia,1
Nemesis,1
Euphrosyne,1
Amicitia,1
Misericordia,1
Styx,1
Hesperides,1
Hesperie,1
aerica,1
Die,1
Caelum,1
Mare,1
Dolor,1
Dolus,1
Ira,1
Luctus,1
Mendacium,1
Iusiurandum,1
Intemperantia,1
Altercatio,1
Obliuio,1
Socordia,1
Timor,1
Superbia,1
Incestum,1
Pugna,1
Oceanus,1
Themis,1
Pontus,1
Briareus,1
Gyges,1
Steropes,1
Hyperion,1
Polus,1
Ops,1
Furiae,1
Alecto,1
Megaera,1
Tisiphone,1
Gigantes,1
Enceladus,1
Coeus,1
elentes,1
mophius,1
Astraeus,1
Emphytus,1
Rhoecus,1
ienios,1
alemone,1
effracorydon,1
Theomises,1
Theodamas,1
Otus,1
Typhon,1
Polyboetes,1
menephriarus,1
abesus,1
colophonus,1
Iapetus,1
Mari,1
piscium,1
genera,1
Oceano,1
Tethye,1
Oceanitides,1
yaea,1
Ianthe,1
Admete,1
Stilbo,1
Euagoreis,1
lyris,1
teschinoeno,1
clitenneste,1
Metis,1
Menippe,1
seminis,1
Flumina,1
Strymon,1
Euphrates,1
Tanais,1
Cephisus,1
Axenus,1
Simois,1
Alpheus,1
Thermodoon,1
Scamandrus,1
Maeandrus,1
Orontes,1
Thaumas,1
tusciuersus,1
cepheus,1
Nereo,1
Doride,1
Thalia,1
Cymodoce,1
Nesaea,1
Spio,1
Thoe,1
Cymothoea,1
Actaea,1
Limnoria,1
Iaera,1
Amphithoe,1
Doto,1
Protho,1
Dynamene,1
Dexamene,1
Amphinome,1
Callianassa,1
Doris,1
Panope,1
Galathea,1
Nemertes,1
Apseudes,1
Ianira,1
Panopaea,1
Ianassa,1
Orithyia,1
Amathia,1
Drymo,1
Xantho,1
Ligea,1
Phyllodoce,1
Lycorias,1
Cleio,1
Beroe,1
Asia,1
Deiopea,1
Creneis,1
Phorco,1
Phorcides,1
Pemphredo,1
Enyo,1
Persis,1
ultima,1
Dino,1
Gorgone,1
Sthenno,1
Euryale,1
Polo,1
aphirape,1
Iapeto,1
Epimetheus,1
Hyperione,1
Ope,1
Pluto,1
Dolops,1
Astraeo,1
Notus,1
Fauonius,1
Atlante,1
Pallante,1
Styge,1
Inuidia,1
Potestas,1
Fontes,1
Lacus,1
Amphitrite,1
Triton,1
Gratiae,1
rursus,1
Iuuentus,1
Libertas,1
Themide,1
Horae,1
Pandia,1
Formido,1
Melpomene,1
Thelxiepe,1
Molpe,1
Pisinoe,1
Mnemosyne,1
Thaumante,1
Iris,1
Harpyiae,1
Podarce,1
Persa,1
Phaethontides,1
Hydra,1
THEMISTO,1
priuasset,1
latuit,1
inimicae,1
nutrice,1
perperam,1
iniecerat,1
iniit,1
totius,1
generis,1
matronis,1
coniurauit,1
sementem,1
torrerent,1
tota,1
interiret,1
satellitem,1
falsum,1
facturum,1
abnuisset,1
ultro,1
aerumna,1
infulis,1
satelles,1
adulescentis,1
Athamanti,1
Phrixo,1
dedidit,1
necandos,1
iniecit,1
appellari,1
Portunum,1
gymnici,1
PHRIXUS,1
inauratum,1
adduxisse,1
Theophanes,1
transire,1
ascendissent,1
detulisset,1
ariete,1
praeceptis,1
seruante,1
Alcimedis,1
petisse,1
ueritus,1
eicerent,1
aduena,1
Phrontis,1
ratem,1
conscenderunt,1
Athamentem,1
reportauit,1
commendatus,1
Themistonem,1
Parnaso,1
bacchationis,1
adducerent,1
nesciebat,1
necare,1
consciam,1
credebat,1
ipsam,1
uestimentis,1
operiret,1
Inonis,1
nigris,1
Themistonis,1
pullis,1
minore,1
ATHAMAS,1
generi,1
infesta,1
CADMUS,1
Castalii,1
prole,1
interempta,1
conuersi,1
ANTIOPA,1
stuprata,1
eiecta,1
uiduam,1
famulis,1
tenebris,1
clauderent,1
instabat,1
premeret,1
dolor,1
edere,1
Zeton,1
edidit,1
agnouerunt,1
indomitum,1
deligatam,1
uita,1
Cithaerone,1
Dircaeus,1
baccha,1
EADEM,1
scribit,1
Ennius,1
bonitate,1
punire,1
peruenerat,1
Sicyonius,1
stabat,1
aduectam,1
domo,1
matrimonio,1
aegre,1
obtestationem,1
relinquebat,1
impune,1
Zetum,1
uxori,1
cruciatum,1
fugitiuam,1
bacchationem,1
illuc,1
repertam,1
extrahebat,1
educatore,1
adulescentes,1
certiores,1
consecuti,1
eripuerunt,1
crinibus,1
religatam,1
necant,1
uetuit,1
concedere,1
Amphioni,1
circumcinxerunt,1
semedustum,1
eiecerunt,1
Niobam,1
Niobe,1
cincta,1
crinitus,1
superare,1
uenantes,1
Chloridem,1
genetrix,1
orba,1
lapidea,1
manare,1
expugnare,1
CHLORIS,1
superauerat,1
masculos,1
Pylum,1
undecimus,1
aquilae,1
duodecimus,1
uixisse,1
eripuerat,1
Nestori,1
NIOBIDAE,1
Eupinytus,1
Phaedimus,1
Sipylus,1
Damasichthon,1
Archenor,1
siboe,1
Eudoxa,1
Niobae,1
uxoris,1
PELIAS,1
Crethei,1
Tyrus,1
monocrepis,1
calciatus,1
appropinquare,1
faciendi,1
calciamentum,1
inspiciens,1
conuocatis,1
IUNO,1
staret,1
tentandas,1
intermiserat,1
crepidam,1
limo,1
relinqueret,1
ARGONAUTAE,1
Thessalorum,1
Calliopes,1
fleuia,1
Enipeum,1
citharista,1
Pyremi,1
Piresia,1
radicibus,1
Phyllei,1
montis,1
flumina,1
Apidanus,1
Enipeus,1
separatim,1
proiecta,1
conueniunt,1
Hippea,1
Antippi,1
Larissa,1
tardus,1
auunculus,1
Chalcodonio,1
pauisse,1
ferunt,1
Antianirae,1
Meneti,1
Ephesus,1
Thessalos,1
Eupolemiae,1
Myrmidonis,1
Larissaeus,1
Coronus,1
Gyrtone,1
Magnesius,1
Centauros,1
uulnerare,1
truncis,1
cuneum,1
adactis,1
petenti,1
conubium,1
optatum,1
iuuenilem,1
ictu,1
nunquam,1
potest,1
quisquam,1
muliere,1
conuerti,1
doctus,1
Titarensis,1
Eurydamas,1
Ctimeni,1
Xynium,1
Dolopeidem,1
inhabitabat,1
Centaurorum,1
Menoetius,1
Opuntius,1
Eribotes,1
ameleon,1
ixition,1
Cerintho,1
Hodoedoci,1
Agrianomes,1
Perseonis,1
Narycea,1
Pylonis,1
reges,1
Oechaliae,1
concessa,1
sagittarum,1
scientia,1
auctore,1
muneris,1
contendisse,1
Endeidos,1
Phoci,1
relictis,1
sedibus,1
diuersas,1
domos,1
Phthiam,1
Salaminam,1
Apollonius,1
Rhodius,1
Atthida,1
Zeuxippes,1
Eridani,1
Phaleros,1
Alcontis,1
Hyrmines,1
Boeotius,1
Argiae,1
taurina,1
lanugine,1
nigra,1
adopertus,1
fabricator,1
Phliasus,1
Thebanum,1
Alcimenae,1
Menodices,1
Orionis,1
ephebus,1
Apollonis,1
Cyrenes,1
Abantis,1
prudens,1
praedicentibus,1
auibus,1
denuntiari,1
militiae,1
defuit,1
Lacedaemonii,1
Spartanos,1
imberbis,1
stellae,1
accidisse,1
scribitur,1
Arenae,1
Messenii,1
quaeque,1
latentia,1
ulla,1
caligine,1
inhibebatur,1
nullum,1
cernere,1
aurifodinas,1
norat,1
descendebat,1
ostendebat,1
rumor,1
sublatus,1
solitum,1
uidere,1
acer,1
Amphidamas,1
nepotem,1
Tegeates,1
Augeas,1
Nausidames,1
Amphidamantis,1
Electus,1
Europes,1
Tityi,1
Taenarius,1
sicco,1
Imbraso,1
Parthenia,1
Samos,1
Erginus,1
Mileto,1
Periclymeni,1
Orchomenius,1
arcas,1
cursor,1
iaculator,1
Nauboli,1
Phocensis,1
pennatos,1
feruntur,1
caeruleos,1
peruio,1
usi,1
Thaumantis,1
Ozomenes,1
Aellopoda,1
Ocypeten,1
proficiscebantur,1
inhabitabant,1
Strophades,1
Plotae,1
pennatae,1
magnis,1
aluom,1
Zethes,1
telis,1
tumulis,1
paternis,1
mouentur,1
Priasus,1
Eurymedon,1
Palaemonius,1
Lerni,1
thersanon,1
Leucothoes,1
Andro,1
Hippalcimos,1
Pisis,1
Gortyna,1
Anaxibiae,1
Iolco,1
duplici,1
coopertus,1
uoluntarius,1
accessit,1
sponte,1
pepererunt,1
regressum,1
nymphis,1
Cion,1
raptus,1
requirunt,1
rapta,1
deserti,1
relictus,1
Chalybas,1
absumptus,1
Mariandynis,1
ultor,1
Idmonis,1
cantibus,1
Orphei,1
auocabatur,1
dulcedine,1
Sirenum,1
nataturus,1
Lilybaeo,1
reuersione,1
Canthus,1
ceriontis,1
Cephalione,1
Nasamonis,1
Tritonidis,1
Nymphae,1
Amphithemidis,1
fuste,1
depopulabantur,1
Amypci,1
serpentis,1
morsu,1
accesserat,1
Ampyco,1
Phrontides,1
uocitatos,1
Phronius,1
Demoleon,1
Autolycus,1
Phlogius,1
Amazonum,1
terrore,1
perculsos,1
dascylo,1
mansuaden,1
abnuit,1
regnauit,1
faber,1
proreta,1
nauigauit,1
multum,1
uidebat,1
tutarchi,1
proram,1
Thelamon,1
pitulum,1
ordinem,1
seruauerunt,1
celeuma,1
relicto,1
sedit,1
Haec,1
sideralem,1
circulum,1
aedificata,1
deducta,1
apparens,1
uelum,1
Cicero,1
Phaenomenis,1
exponit,1
caudam,1
praelabitur,1
conuersam,1
portans,1
aliae,1
alto,1
ponere,1
proras,1
rostris,1
Neptunia,1
prata,1
secantes,1
loca,1
portat,1
sicut,1
coeptant,1
tutos,1
portus,1
obuertant,1
pondere,1
trahunt,1
optata,1
uetus,1
aethera,1
labitur,1
gubernaclum,1
tendens,1
uolante,1
clari,1
posteriora,1
tangit,1
dextro,1
sinistro,1
consimiles,1
omnino,1
tredecim,1
LEMNIADES,1
fecerant,1
Thressas,1
spreuerunt,1
coniuratae,1
uirorum,1
praenauigantes,1
Iphinoe,1
portae,1
Hypsipylae,1
aetate,1
laribus,1
hospitalibus,1
obligaret,1
inuitaret,1
Euneum,1
retenti,1
obiurgati,1
scierunt,1
seruasse,1
conatae,1
praedones,1
exceptam,1
deportarunt,1
uendiderunt,1
quaecunque,1
conceperunt,1
CYZICUS,1
Eusori,1
liberali,1
discessissent,1
nauigassent,1
Pelasgicos,1
appropinquasset,1
AMYCUS,1
Amycus,1
Melies,1
Bebryciae,1
caestis,1
deuictos,1
perdebat,1
prouocasset,1
caestus,1
LYCUS,1
Amycum,1
interfecerant,1
inficiaretur,1
Ancaeo,1
gubernandam,1
PHINEUS,1
Phineus,1
crimine,1
excaecati,1
augurium,1
excaecatus,1
escam,1
ore,1
auferrent,1
deuenissent,1
demonstraturum,1
liberarent,1
Strophadas,1
Phineum,1
columbam,1
concurrissent,1
recessu,1
refugerent,1
transierunt,1
STYMPHALIDES,1
conficerent,1
auium,1
clipeos,1
Curetum,1
sonitu,1
fugarunt,1
PHRIXI,1
Cyaneas,1
cautes,1
Symplegades,1
intrassent,1
Euxinum,1
inopes,1
Phrontidem,1
Melam,1
Cylindrum,1
exposuissent,1
festinarent,1
Athamanta,1
eiectos,1
receptos,1
iuuit,1
Thermodoontem,1
iusserunt,1
beneficia,1
somniis,1
adamauerat,1
perducunt,1
AEETA,1
habiturum,1
pellis,1
auferre,1
tauros,1
aeripedes,1
flammas,1
naribus,1
spirabant,1
iungeret,1
adamanteo,1
araret,1
galea,1
gens,1
armatorum,1
enascerentur,1
seruatum,1
uolens,1
temptare,1
transierant,1
despexissent,1
perficere,1
iniceret,1
liberatus,1
tauris,1
arasset,1
sopito,1
ABSYRTUS,1
Absyrtum,1
armatis,1
persequendam,1
Adriatico,1
Alcinoum,1
interposuit,1
bellarent,1
posterum,1
tristior,1
tristitiae,1
sumptum,1
diuersis,1
iudicaturus,1
redditurum,1
nuntium,1
deuirginauit,1
inuenta,1
nihilominus,1
Colchi,1
Absyrto,1
uenerant,1
Aeetam,1
illic,1
remanserunt,1
Absyrti,1
Absoron,1
Polam,1
iuncta,1
cantae,1
IASON,1
PELIADES,1
patrui,1
pericula,1
adisset,1
cogitare,1
suspicione,1
Pelian,1
sene,1
iuuenem,1
perduceret,1
miracula,1
similia,1
uetulum,1
agnus,1
pulcherrimus,1
prosiluisse,1
uisus,1
Peliades,1
Pisidice,1
coxerunt,1
deceptas,1
uiderent,1
profugerunt,1
Peliadum,1
ierat,1
Idyiae,1
concordia,1
uiuerent,1
obiciebatur,1
formosum,1
nobilem,1
aduenam,1
ueneficam,1
Menoeci,1
Glaucen,1
erga,1
bene,1
merentem,1
tanta,1
contumelia,1
affectam,1
Creonte,1
confraglauit,1
EXUL,1
exul,1
nupsit,1
exagitare,1
negabat,1
uenefica,1
exulatur,1
Absoridem,1
Abysrtus,1
Absoritani,1
serpentium,1
poterant,1
rogata,1
lectas,1
permanentes,1
persoluit,1
MEDUS,1
Persi,1
comprehensum,1
mentitus,1
diligentius,1
sterilitatem,1
haberi,1
persuadet,1
Medum,1
traderetur,1
mendacium,1
puniret,1
putauit,1
Mediam,1
OTOS,1
EPHIALTES,1
Otos,1
Aloei,1
singuli,1
singulis,1
mensibus,1
digitis,1
annorum,1
aditum,1
faciebant,1
Ossam,1
posuerunt,1
Ossa,1
montes,1
construebant,1
nacti,1
atrotos,1
uoluissent,1
furore,1
uolunt,1
iaculis,1
auersi,1
altero,1
serpentibus,1
styx,1
ALCIMENA,1
abesset,1
gessisset,1
usurparet,1
noctes,1
congeminaret,1
longam,1
noctem,1
ammiraretur,1
nuntiaretur,1
curauit,1
putabat,1
neglegentius,1
securam,1
mirari,1
queri,1
aduenientem,1
excepisset,1
Iam,1
pridem,1
uenisti,1
concubuisti,1
narrasti,1
gessisses,1
aliquod,1
ATHLA,1
DUODECIM,1
EURYSTHEO,1
IMPERATA,1
Infans,1
primigenius,1
Leonem,1
Nemeum,1
amphistomo,1
atrotum,1
tegumento,1
Hydram,1
Lernaeam,1
afflatu,1
transierat,1
afflabat,1
maiori,1
moriebatur,1
exinterauit,1
tinxit,1
fixerat,1
effugiebat,1
Phrygia,1
Erymanthium,1
ferocem,1
cornibus,1
aureis,1
conspectu,1
Stymphalides,1
emissis,1
iaculabantur,1
Augeae,1
bobile,1
purgauit,1
ammisso,1
abluit,1
uescebantur,1
Abdero,1
famulo,1
equorum,1
Podargus,1
Lampon,1
Dinus,1
Hippolyten,1
Amazonis,1
Geryonem,1
Chrysaoris,1
trimembrem,1
immanem,1
aurea,1
Atlantem,1
PARERGA,1
EIUSDEM,1
Antaeum,1
luctari,1
delassatos,1
interficiebat,1
luctando,1
infula,1
imprecari,1
claua,1
ministros,1
Cygnum,1
superatum,1
fulmen,1
Hesione,1
apposita,1
Troiae,1
Hesiones,1
reddebat,1
aethonem,1
Prometheo,1
fluuius,1
immutabat,1
pugnaret,1
Hesperidibus,1
Nymphis,1
pomis,1
replerunt,1
copiae,1
purgare,1
lustrare,1
Eurytum,1
Eurytionem,1
Dexameni,1
MEGARA,1
putasset,1
periisse,1
occupare,1
purgaret,1
tripodem,1
nolentem,1
Omphalae,1
CENTAURI,1
Dexamenum,1
deuirginasset,1
dedisset,1
ducturum,1
discessum,1
nuptias,1
pleni,1
Lapithis,1
interierunt,1
NESSUS,1
rogatus,1
transferret,1
hydrae,1
Lernaeae,1
tinctas,1
quantam,1
exceptum,1
philtrum,1
sperneret,1
perungi,1
conditum,1
IOLE,1
repudiasset,1
rogaretur,1
coram,1
animo,1
pertinacior,1
perpessa,1
praemisit,1
DEIANIRA,1
uerita,1
Lichan,1
famulum,1
paulum,1
deciderat,1
attigit,1
reuocaret,1
induerat,1
flagrare,1
coniecisset,1
ardorem,1
extingueret,1
flamma,1
exibat,1
demere,1
uiscera,1
Licham,1
attulerat,1
rotatum,1
iaculatus,1
Lichas,1
Oetaeo,1
construxisse,1
ascendisse,1
mortalitatem,1
Philocteti,1
arcus,1
AETHRA,1
redibat,1
alleuare,1
tollere,1
cognitionis,1
proficisci,1
itineri,1
infestabantur,1
THESEI,1
LABORES,1
Corynetem,1
Pityocamptem,1
gradientes,1
pinum,1
flecterent,1
prenderat,1
elidebatur,1
periebat,1
Procrustem,1
longior,1
minori,1
reliquam,1
praecidebat,1
breuior,1
statura,1
longiori,1
incudibus,1
suppositis,1
extendebat,1
lecti,1
aequaret,1
Scironem,1
quodam,1
praerupto,1
sedebat,1
gradiebatur,1
lauare,1
praecipitabat,1
leto,1
Scironis,1
Cremyone,1
Marathone,1
Eurystheum,1
adduxerat,1
Gnosi,1
DAEDALUS,1
fabricam,1
accepisse,1
summo,1
tecto,1
deicit,1
abiit,1
PASIPHAE,1
amabat,1
uaccam,1
ligneam,1
uerae,1
induxit,1
bubulo,1
labyrinthum,1
inextricabili,1
exitu,1
conclusus,1
Icaro,1
accommodauit,1
auolarunt,1
calefacta,1
peruolauit,1
Cocalum,1
MINOS,1
belligerauit,1
Androgeus,1
uectigales,1
septenos,1
epulandum,1
audit,1
quanta,1
praedixit,1
candida,1
mittebantur,1
uelis,1
atris,1
nauigabant,1
THESEUS,1
APUD,1
MINOTAURUM,1
labyrinthi,1
exitum,1
introisset,1
licium,1
reuoluendo,1
foras,1
egressus,1
ARIADNE,1
retentus,1
cogitans,1
portasset,1
opprobrium,1
amans,1
nauigaret,1
atra,1
mutare,1
consumptum,1
Phaedram,1
COCALUS,1
incommoda,1
acciderant,1
Cocalo,1
redderetur,1
Cocalus,1
promississet,1
PHILOMELA,1
Pandionem,1
socerum,1
rogatum,1
ueniam,1
iecit,1
Lathusa,1
familiaris,1
impium,1
referre,1
Ity,1
propinqua,1
arbitraretur,1
insontem,1
Itym,1
fugientes,1
hirundinem,1
commutaretur,1
lusciniam,1
Tereum,1
ERECHTHEUS,1
coniurarunt,1
oppugnaturus,1
laetaretur,1
Chthonia,1
immolata,1
HIPPOLYTUS,1
potuisset,1
perducere,1
scriptas,1
compressam,1
moenibus,1
excedere,1
ueheretur,1
taurus,1
apparuit,1
mugitu,1
expauefacti,1
ATHENIENSIUM,1
Demophon,1
AESCULAPIUS,1
reddidisse,1
Cyclopes,1
Admeto,1
Thessaliae,1
ADMETUS,1
tractatus,1
seruitium,1
ALCESTIS,1
Anaxibies,1
uitans,1
condiciones,1
auexisset,1
acceptus,1
obtulit,1
reuocauit,1
AEGINA,1
Aeginam,1
Delon,1
uenenauit,1
biberet,1
soluebat,1
paucitate,1
intuens,1
formicae,1
Aeginae,1
ASTERIE,1
Asterien,1
contempsit,1
coturnicem,1
Ortygia,1
mobilis,1
Aquilone,1
THETIS,1
Thetidi,1
Nereidi,1
fortiorem,1
Prometheum,1
praemoniturum,1
liberasset,1
monet,1
Thetide,1
fortior,1
deiceret,1
interficiat,1
solutus,1
TITYUS,1
Tityo,1
iugeribus,1
exporrectus,1
iacere,1
appositus,1
iecur,1
luna,1
recrescit,1
BUSIRIS,1
siccitate,1
exaruisset,1
Thrasius,1
Pygmalionis,1
Busiridi,1
immolato,1
imbres,1
immolatus,1
exhibuit,1
STHENEBOEA,1
Proetum,1
mentita,1
compellatam,1
conscripsit,1
Iobatam,1
Stheneboeae,1
Chimaeram,1
tripartito,1
flammam,1
spirare,1
dicebatur,1
leo,1
postrema,1
chimaera,1
Pegasum,1
decidisse,1
campos,1
Aleios,1
coxas,1
eiecisse,1
uirtutes,1
laudans,1
SMYRNA,1
Cenchreidis,1
Cenchreis,1
anteposuerat,1
exsequens,1
nesciente,1
concepit,1
stimulata,1
abdidit,1
miserta,1
arboris,1
myrrha,1
fluit,1
insecutus,1
PHYLLIS,1
Demophoon,1
Phyllidem,1
redire,1
nouies,1
Demophoontis,1
emisit,1
sepulchrum,1
constituissent,1
natae,1
certo,1
Phyllidis,1
arescunt,1
diffluunt,1
SISYPHUS,1
fuere,1
inimicum,1
Tyronis,1
ceruicibus,1
uoluere,1
summum,1
uerticem,1
perduxerit,1
reuoluatur,1
imitaretur,1
quadrigam,1
faces,1
ardentes,1
populum,1
IXION,1
Leontei,1
nubem,1
Ixionem,1
constrinxit,1
DANAE,1
Aganippes,1
lapideo,1
praeclusit,1
imbrem,1
inclusam,1
Perseo,1
Seriphum,1
piscator,1
effracta,1
infante,1
Acrisio,1
retineretur,1
misso,1
ANDROMEDA,1
Cassiope,1
Andromedae,1
Nereidibus,1
Cephei,1
obiceretur,1
talaribus,1
liberasse,1
informati,1
pertimuit,1
immutatus,1
ALCYONE,1
Ceyx,1
Hesperi,1
Philonidis,1
periisset,1
Aegiales,1
mutati,1
alcyones,1
nidum,1
oua,1
pullos,1
faciunt,1
hiberno,1
tranquillum,1
alcyonia,1
appellant,1
LAIUS,1
exponi,1
lauaret,1
sciente,1
orbi,1
educauerunt,1
transiectos,1
Oedipum,1
OEDIPUS,1
fortissimus,1
aequales,1
obiciebant,1
subditum,1
clemens,1
impudens,1
obici,1
obuiam,1
uiam,1
iuberent,1
oppressit,1
Thebanorum,1
uexabat,1
Creonti,1
posuisset,1
abire,1
datum,1
consumpturam,1
finibus,1
excessuram,1
Sphingae,1
cupidine,1
Sphinge,1
consumpti,1
Eteoclen,1
Ismenen,1
uexarentur,1
superesset,1
pestilentia,1
Iocastae,1
geruntur,1
decedit,1
moleste,1
suppositione,1
Menoetes,1
pedum,1
cicatricibus,1
talorum,1
Lai,1
nefaria,1
fibulas,1
alternis,1
POLYNICES,1
parentaretur,1
seducitur,1
regibus,1
diffiderent,1
dracontea,1
clade,1
liberari,1
redimere,1
uictoria,1
oppugnarunt,1
inferiae,1
communes,1
funus,1
separatur,1
reliqui,1
depugnantes,1
parentatur,1
uertit,1
seducit,1
ADRASTUS,1
Eurynomes,1
Periboeae,1
captiuae,1
fere,1
nuntiassent,1
incognita,1
leonina,1
suarum,1
interrogauit,1
leoninam,1
operuisse,1
gentis,1
portaret,1
Calydone,1
opertum,1
significans,1
responsi,1
pugnauit,1
commodaret,1
recuperandum,1
portis,1
claudebantur,1
cinxit,1
Thera,1
Cleodoxe,1
Chias,1
Deipylen,1
tectus,1
sortis,1
THEBAS,1
PROFECTI,1
Hippomedon,1
Mnesimachi,1
Metidice,1
Atalanta,1
ereptus,1
armatos,1
expugnandas,1
uindicarent,1
insepulti,1
iacuerant,1
occuparat,1
fidius,1
EPIGONI,1
ID,1
Demoanassa,1
exierant,1
exsuperauerat,1
uicariam,1
Euanippe,1
Tlesimenes,1
Mysius,1
ANTIGONA,1
traderent,1
uenerint,1
custodibus,1
deprehensae,1
perducta,1
Haemoni,1
insigne,1
Haemone,1
deprecaretur,1
ignosceret,1
AMPHIARAUS,1
ERIPHYLA,1
ALCMAEON,1
conscia,1
inuestigaret,1
monile,1
gemmis,1
Eriphylae,1
doni,1
cupida,1
Alcmaeoni,1
Eriphylen,1
HYPSIPYLE,1
Septem,1
Nemeam,1
Archemorum,1
deponeret,1
antequam,1
ambulare,1
quaerentes,1
rogauerunt,1
deponere,1
apium,1
altissimum,1
deposuit,1
exedit,1
deprecati,1
apiaciam,1
accipiunt,1
TIRESIAS,1
uenerantes,1
baculo,1
alias,1
calcasse,1
calcasset,1
iocosa,1
altercatio,1
magis,1
uenerea,1
uoluptatem,1
caperet,1
masculus,1
Tiresiam,1
utrunque,1
expertus,1
auersa,1
aetates,1
uiueret,1
THEBANORUM,1
Labdacus,1
Polydori,1
LEDA,1
Ledam,1
Eurotam,1
Tyndareo,1
TYNDAREUS,1
discordiae,1
iureiurando,1
obligauit,1
arbitrio,1
nubere,1
imponeret,1
HELENA,1
Atticae,1
regionis,1
audaciam,1
offerrent,1
Taenariam,1
descendissent,1
indicarent,1
Plutoni,1
furiis,1
strati,1
lacerati,1
ducendum,1
implorarunt,1
belligerarunt,1
Aethram,1
Phisadiem,1
ceperunt,1
CASTOR,1
Messenis,1
sponsas,1
Phoeben,1
Hilairam,1
formississimae,1
Hilaira,1
sponsis,1
tulerunt,1
recuperare,1
omisit,1
sepelire,1
prohibere,1
superasse,1
cinctus,1
Castori,1
inguina,1
traiecit,1
aedificabat,1
pilam,1
impulisse,1
annuntiassent,1
Polluci,1
accurrit,1
recuperatum,1
accepisset,1
communicare,1
permisit,1
desultorem,1
mittunt,1
transilit,1
uice,1
fungatur,1
PROCI,1
HELENAE,1
Blanirus,1
Cyaneus,1
Phemius,1
teLeonteus,1
Thalpius,1
Phidippus,1
ueteres,1
TANTALUS,1
Plutonis,1
Pelopem,1
concredere,1
admittere,1
sitire,1
haustum,1
aquae,1
recedere,1
pendent,1
rami,1
moti,1
recedunt,1
pendet,1
timet,1
ruat,1
PELOPS,1
caesus,1
bracchium,1
membra,1
fuerant,1
coissent,1
umero,1
perpetuo,1
eburneum,1
aptauit,1
OENOMAUS,1
Euareten,1
nulli,1
dabat,1
genero,1
certasset,1
aquilone,1
uelociores,1
interficeretur,1
interfectis,1
ualuas,1
fixa,1
petierant,1
paenitere,1
aurigae,1
dimidium,1
clauos,1
rotas,1
incitatis,1
defectum,1
opprobrio,1
praestare,1
Myrtoum,1
Peloponnesum,1
Hippalcum,1
CHRYSIPPUS,1
nothum,1
Nemeae,1
argueret,1
PELOPIDAE,1
Aeropa,1
Atreo,1
educauerat,1
AEGISTHUS,1
ultorem,1
subdiderunt,1
aega,1
cupiens,1
uesceretur,1
ora,1
puerorum,1
afferri,1
auertit,1
nefario,1
lacus,1
Auernus,1
sacrificarent,1
contaminaret,1
choreas,1
lapsa,1
cruore,1
pecudis,1
maculatam,1
deponit,1
obducto,1
uagina,1
extraxit,1
rediens,1
acropodio,1
abscondit,1
Lydiam,1
remitteret,1
oritur,1
reduceret,1
Thesproti,1
Thesprotus,1
conceptum,1
supposuerunt,1
perquiri,1
quaerendum,1
tollendas,1
ultione,1
comprehensus,1
perducitur,1
gerebat,1
perdiderat,1
interrogat,1
illum,1
accersiri,1
nocturna,1
nescio,1
eduxisse,1
agnoscere,1
detrusit,1
cruentum,1
laetabatur,1
LAOMEDON,1
cinxisse,1
uouit,1
immolaturum,1
uotum,1
auaritia,1
fefellit,1
parum,1
promisisse,1
uexaret,1
consultum,1
religatae,1
futuram,1
Hesionae,1
sors,1
petris,1
religata,1
irent,1
pactis,1
legibus,1
reddunt,1
rediissent,1
abducerent,1
aristas,1
ambulabant,1
comparatis,1
Laomedontem,1
Podarci,1
infanti,1
recuperatam,1
Telamoni,1
PRIAMI,1
NUMERO,1
Cebriones,1
Hipposidus,1
Antinous,1
Agathon,1
Dius,1
Mestor,1
Lysides,1
Polymedon,1
Ascanius,1
Chirodamas,1
Euagoras,1
Dryops,1
Astynomus,1
Polymelus,1
Laodice,1
Ethionome,1
Phegea,1
Henicea,1
Demnosia,1
Troilus,1
Palaemon,1
Brissonius,1
Gorgythion,1
Protodamas,1
Aretus,1
Dolon,1
Chromius,1
Eresus,1
Chrysolaus,1
Demosthea,1
Doryclus,1
Hyperochus,1
Lysianassa,1
Euander,1
Proneos,1
Archemachus,1
Ilagus,1
Axion,1
Deiopites,1
ALEXANDER,1
PARIS,1
serpentes,1
uisum,1
coniectoribus,1
narratum,1
imperant,1
exitio,1
exposuerunt,1
repertum,1
Parim,1
deliciis,1
adduceret,1
athlo,1
funebri,1
poneretur,1
Paridis,1
abducere,1
uicisset,1
tauri,1
Hercei,1
insiluit,1
PARIDIS,1
nuberet,1
conuocasse,1
Eride,1
admitteretur,1
ianua,1
medium,1
attolleret,1
uindicare,1
magna,1
deducat,1
Paridem,1
iubeat,1
iudicare,1
diuitem,1
praestaturum,1
uictrix,1
fortissimum,1
artificio,1
scium,1
omnium,1
mulierum,1
posterius,1
prioribus,1
pulcherrimam,1
iudicauit,1
Troianis,1
infestae,1
Thisiadie,1
captiuas,1
assignarant,1
aliquando,1
reginas,1
CASSANDRA,1
ludendo,1
lassa,1
obdormisse,1
uera,1
ANCHISA,1
Anchisam,1
sodales,1
elocutus,1
ULIXES,1
oppugnandam,1
Laertis,1
perditis,1
aratrum,1
aratro,1
subiecit,1
Simulatione,1
ueni,1
Palamedi,1
ACHILLES,1
commendauit,1
Scyron,1
Lycomedem,1
feminino,1
mutato,1
flauis,1
rufum,1
rescissent,1
occultari,1
Lycomeden,1
adiutorium,1
intellegere,1
regio,1
uestibulo,1
feminea,1
tubicinem,1
canere,1
crepitum,1
clamorem,1
dilaniauit,1
arripuit,1
cognitus,1
operas,1
milites,1
TROIAM,1
EXPUGNATUM,1
Aeropes,1
Automedon,1
auriga,1
Philomelae,1
Eriboea,1
Salamine,1
Hesiona,1
Anticliae,1
Deipylae,1
Euadnes,1
Rhenes,1
Euaemonis,1
Ormenio,1
Asclepii,1
Astyoches,1
Moli,1
Melphidis,1
Hippalci,1
Lacriti,1
Clonius,1
Arcesilaus,1
Areilyci,1
Theobulae,1
Prothoenor,1
Thespia,1
Pernidis,1
Schedius,1
Hippolytes,1
Epistrophus,1
Calchodontis,1
Imenaretes,1
oeae,1
Ancaei,1
Iotis,1
Cteati,1
Elea,1
Pallantis,1
Diomedae,1
Amarynceus,1
Onesimachi,1
Agasthenis,1
Peloridis,1
Phylei,1
Eustyoches,1
Dulichio,1
Andraemonis,1
Gorgidis,1
Tyto,1
Podarces,1
Tenthredonis,1
Ociti,1
Aurophites,1
Charopi,1
Aglaies,1
Antiphus,1
Thessali,1
Nisyro,1
Sicyone,1
architectus,1
Talthybius,1
internuntii,1
Diaphorus,1
iudex,1
Pyrrhus,1
uocitatus,1
summa,1
Asiae,1
auexerat,1
uenirent,1
Aulide,1
retinebat,1
uiolauit,1
haruspices,1
conuocasset,1
respondisset,1
recusare,1
consiliis,1
pulchram,1
adducendam,1
ementitur,1
Achilli,1
parens,1
nubes,1
templi,1
AUGE,1
adesset,1
Parthenopaeum,1
simulante,1
orbus,1
TEUTHRAS,1
priuare,1
comite,1
Teuthras,1
tutasset,1
condicionem,1
praetermisit,1
pollicitam,1
inscientem,1
uiso,1
proiecit,1
Telepho,1
inceptum,1
uiolatorem,1
TELEPHUS,1
hasta,1
taetro,1
angeretur,1
mederi,1
uulneratus,1
cunabulis,1
occisurum,1
mederentur,1
Telephi,1
ductu,1
sanaret,1
nosse,1
Non,1
auctorem,1
uulneris,1
nominat,1
rasissent,1
remediatus,1
impetrarunt,1
Laodicen,1
sanarunt,1
locos,1
itinera,1
PHILOCTETES,1
coluber,1
ausus,1
construere,1
exutum,1
immortalitatem,1
taetrum,1
odorem,1
diuinis,1
Iphimachus,1
Dolopionis,1
exploratores,1
persuaserunt,1
PROTESILAUS,1
classes,1
applicuissent,1
ceteris,1
cunctantibus,1
Diomedeae,1
confestim,1
cuncti,1
impetrato,1
reductus,1
collocuta,1
LAODAMIA,1
consumpsisset,1
fletum,1
aereum,1
simile,1
coniugis,1
simulatione,1
colere,1
famulus,1
attulisset,1
sacrificium,1
rimam,1
amplexu,1
tenentem,1
osculantem,1
adulterum,1
Acasto,1
irrupisset,1
torqueretur,1
comburi,1
sustinens,1
usta,1
PALAMEDES,1
machinabatur,1
inito,1
militem,1
mouerentur,1
uerum,1
pondus,1
conscriptam,1
Phrygi,1
captiuo,1
perferendam,1
castris,1
exercitus,1
miles,1
scripserat,1
cadauer,1
Phrygis,1
scriptum,1
PALAMEDI,1
PRIAMO,1
MISSA,1
obruerat,1
conuenerat,1
ierunt,1
effoderunt,1
uere,1
uniuerso,1
innocens,1
HECTORIS,1
LYTRA,1
Briseidam,1
Brisae,1
ceperat,1
Zminthei,1
prodibat,1
tabernaculo,1
exercebat,1
Argiui,1
fugarentur,1
obiurgatus,1
Troianos,1
aestimantes,1
interficitur,1
detracta,1
prodisset,1
muros,1
sepeliendum,1
nollet,1
Danaorum,1
repensum,1
ARMORUM,1
moenia,1
uagaretur,1
expugnasse,1
Parin,1
talum,1
tradito,1
patruelis,1
postulauit,1
darent,1
abiurgata,1
furia,1
uulneratum,1
acie,1
EQUUS,1
TROIANUS,1
capere,1
Epeus,1
mirae,1
magnitudinis,1
ligneum,1
collecti,1
Thessander,1
scripserunt,1
MINERUAE,1
DONO,1
DANT,1
transtulerunt,1
Troiani,1
arbitrati,1
abisse,1
opere,1
uates,1
uociferaretur,1
inesse,1
fides,1
habita,1
statuissent,1
lusu,1
lassi,1
obdormissent,1
aperto,1
Sinone,1
portarum,1
receperunt,1
ILIONA,1
Ilionae,1
Polymnestori,1
Polymnestore,1
praestaret,1
prolem,1
exstirpare,1
Astyanacta,1
Andromachae,1
deiecerunt,1
legatos,1
pollicerentur,1
magnam,1
Polymnestor,1
legatorum,1
dicta,1
oraculum,1
incensam,1
occisam,1
Polymnestoris,1
Ilionea,1
dixissent,1
POLYXENA,1
classem,1
conscenderent,1
praedam,1
sepulcro,1
praedae,1
expostulasse,1
Polyxenam,1
colloquium,1
Deiphobo,1
sepulcrum,1
immolauerunt,1
HECUBA,1
Hecubam,1
CUM,1
DIMICARUNT,1
Pandaro,1
Pandarus,1
donificantes,1
discessere,1
Hectori,1
tractus,1
Aiaci,1
Sarpedone,1
Euphorbo,1
Euphorbus,1
Pythagoras,1
meminit,1
transisse,1
Asteropaeo,1
Asteropaeus,1
fugatur,1
Eurypylo,1
NOBILEM,1
QUEM,1
figura,1
Antilochum,1
Elephenorem,1
Clonium,1
Ascalaphum,1
Autonoum,1
Hippodamum,1
Chromium,1
Iphidamantem,1
Gargasum,1
Gauium,1
Dolonem,1
Rhesum,1
Nireum,1
Machaonem,1
Tlepolemum,1
Antiphum,1
Troilum,1
Astynomum,1
Pylaemenem,1
TROIANI,1
Panthous,1
Gargasus,1
Polydamas,1
NAUPLIUS,1
capto,1
diuisa,1
praeda,1
fana,1
spoliauerant,1
Palladio,1
abripuerat,1
aduersis,1
Capharea,1
illiserunt,1
Aiacis,1
implorarent,1
persequendas,1
tamquam,1
extulit,1
acuta,1
periculosissimus,1
humanitatis,1
plurimae,1
confractae,1
plurimi,1
uisceribus,1
illisa,1
potuerunt,1
natare,1
Nauplio,1
interficiebantur,1
Marathonem,1
CLYTAEMNESTRA,1
Oeace,1
ementitus,1
Phocide,1
Strophio,1
Astyochea,1
PROTEUS,1
marinus,1
conuertere,1
Idotheae,1
catena,1
repetitionem,1
edocuit,1
deuicta,1
armenta,1
demum,1
octauum,1
ORESTES,1
studebat,1
Aeolium,1
populo,1
necandum,1
demandauerat,1
multo,1
affert,1
laetabundus,1
interficiunt,1
accusaret,1
Mycenensibus,1
fuga,1
TAURICA,1
exagitarent,1
aerumnarum,1
Taurinam,1
malorum,1
sodale,1
Tauricos,1
tutarentur,1
captarent,1
deducti,1
signis,1
argumentis,1
abiectis,1
ministeriis,1
auellere,1
rogitaret,1
sceleratos,1
contaminasse,1
impii,1
scelerati,1
adducti,1
expiandum,1
ferri,1
iubere,1
interdicere,1
ciuibus,1
dicto,1
sublato,1
ascendit,1
Zminthen,1
CHRYSES,1
Chryseidam,1
deprecandum,1
redderet,1
peste,1
intactam,1
iuniorem,1
senior,1
ALETES,1
falsus,1
Tauricis,1
immolatos,1
Atridarum,1
superesse,1
nece,1
profecta,1
interfectricem,1
truncum,1
ara,1
Iphigeniae,1
oculos,1
eruere,1
cognitione,1
Aleten,1
natam,1
NEOPTOLEMUS,1
Andromacha,1
Eetionis,1
Amphialum,1
Lacedaemonem,1
infirmare,1
iniuria,1
Neoptolemum,1
Delphis,1
Ambraciae,1
sparsa,1
Epiri,1
Peranthus,1
Argi,1
Triops,1
Peranthi,1
Tisamenus,1
ODYSSEA,1
Ciconas,1
Ismarum,1
distribuit,1
Lotophagos,1
loton,1
florem,1
procreatum,1
edebant,1
cibus,1
gustabant,1
obliuionem,1
caperent,1
reditionis,1
gustarent,1
herbas,1
datas,1
obliti,1
Polyphemum,1
augure,1
Telemo,1
excaecaretur,1
fronte,1
epulabatur,1
speluncam,1
redegerat,1
molem,1
saxeam,1
ingentem,1
ianuam,1
opponebat,1
inclusit,1
immanitati,1
feritati,1
Marone,1
inebriauit,1
Utin,1
uocari,1
trunco,1
exureret,1
clamore,1
Cyclopas,1
praeclusa,1
Utis,1
excaecat,1
neglexerunt,1
Hellenis,1
potestas,1
libere,1
plenos,1
accepissent,1
partiri,1
folles,1
soluerunt,1
euolauerunt,1
uidebatur,1
infestum,1
Laestrygonas,1
Antiphates,1
confregit,1
consumptis,1
Aenariam,1
potione,1
commutabat,1
Eurylochum,1
immutauit,1
Eurylochus,1
intrauerat,1
poculum,1
minatus,1
restitueret,1
diuina,1
tale,1
commissuram,1
Nausithoum,1
proficiscitur,1
Auernum,1
reliquerat,1
Elpenor,1
scalam,1
ceruices,1
fregisse,1
poneret,1
errationis,1
sepeliuit,1
Sirenas,1
gallinaceam,1
obturauit,1
constringi,1
Scyllam,1
inguine,1
abreptos,1
aeneo,1
mugiebat,1
attigerat,1
Tiresia,1
amisit,1
perlatus,1
obsorbebat,1
eructabat,1
uiolatum,1
uetuerit,1
uiolari,1
condormiret,1
inuolarunt,1
carnes,1
aeno,1
dabant,1
incendit,1
locis,1
errans,1
retinuit,1
dimittere,1
donec,1
denuntiauit,1
dimitteret,1
rate,1
rebus,1
ratim,1
disiecit,1
priuauerat,1
iactaretur,1
exigit,1
aeuum,1
uinciret,1
pessum,1
abiret,1
Phaeacum,1
Nausicaa,1
Alcinoi,1
lauandam,1
tulit,1
erepit,1
opem,1
mota,1
acceptum,1
decoratum,1
ignoraretur,1
obsidentes,1
Euryclia,1
lauat,1
cicatrice,1
seruis,1
Scholium,1
Deioneus,1
genuit,1
Arcesius,1
Laertem,1
Italum,1
Latinam,1
ULIXIS,1
COGNITIO,1
Alcinio,1
Nausicaae,1
dimissus,1
nudus,1
quandam,1
subulcus,1
blandiretur,1
recognoscebat,1
habitum,1
commutauerat,1
argumenta,1
mox,1
casa,1
cibo,1
animauit,1
interrogasset,1
Eumaeum,1
Post,1
profectionem,1
intercederet,1
petentes,1
condicione,1
differt,1
telam,1
detexuero,1
nubam,1
texebat,1
detexebat,1
differebat,1
discumbunt,1
consumunt,1
lacrimari,1
gaudio,1
admirari,1
immutauerat,1
perduc,1
mnesteras,1
perduxisset,1
discumberent,1
illos,1
Habetis,1
ecce,1
mendicum,1
Iro,1
uos,1
delectet,1
mnesteribus,1
Immo,1
luctentur,1
accipiet,1
uentriculum,1
farsum,1
harundinem,1
eiciat,1
luctati,1
Irum,1
applosisset,1
eiecisset,1
persona,1
Eurycliam,1
os,1
intendisset,1
certarent,1
intendere,1
Demus,1
pateretur,1
seni,1
excepto,1
Melanthio,1
seruo,1
deprehensus,1
nares,1
membrorum,1
minutatim,1
secuit,1
ancillas,1
deferre,1
procorum,1
animaduertit,1
TELEGONUS,1
Circes,1
genitorem,1
coactus,1
depopulari,1
contulerunt,1
deportauerunt,1
tradiderunt,1
Latinae,1
linguae,1
Italus,1
denominauit,1
AUGURES,1
Ampycus,1
Manto,1
Theoclymenus,1
Protei,1
Sibylla,1
Samia,1
Cymaeam,1
Althaeam,1
excessit,1
uocaretur,1
ICARIUS,1
ERIGONE,1
fructuum,1
iucunditatem,1
ostenderet,1
utrem,1
propagarent,1
onerato,1
suauitatis,1
immoderatius,1
biberent,1
ebrii,1
conciderunt,1
arbitrantes,1
ululans,1
insepultus,1
iaceret,1
Atheniensium,1
simili,1
afflixit,1
Erigones,1
neglexissent,1
festum,1
oscillationis,1
uindemiam,1
Icario,1
delibarent,1
Iustitiam,1
Arcturus,1
Canicula,1
NYSUS,1
Nysus,1
occasio,1
recuperandi,1
daretur,1
trieterica,1
muliebri,1
Bacchis,1
introduxit,1
Nysum,1
LYCURGUS,1
bibisset,1
ebrius,1
uites,1
excidere,1
immutaret,1
Lycurgum,1
pantheris,1
traditur,1
uitibus,1
excidisse,1
HAMMON,1
harena,1
exiisse,1
aequinoctialis,1
Hammonis,1
TYRRHENI,1
Tusci,1
dicti,1
piraticam,1
impubis,1
Naxum,1
deferrent,1
sustulissent,1
constuprare,1
inhibuit,1
permanere,1
thyrsos,1
pampinos,1
rudentes,1
hederam,1
leones,1
pantherae,1
prosiluerunt,1
transfiguratus,1
Medon,1
Lycabas,1
Opheltes,1
Alcimedon,1
Simon,1
clementiam,1
LAOCOON,1
Acoetis,1
duxisset,1
ductus,1
maris,1
Antiphantem,1
Thymbraeum,1
necarent,1
nexum,1
necauerunt,1
Phryges,1
putarunt,1
Troianum,1
miserit,1
POLYIDUS,1
Pasiphaae,1
ludit,1
melle,1
sciscitati,1
Monstrum,1
soluerit,1
restituet,1
uitulum,1
mutaret,1
quaternas,1
rubeum,1
soluendum,1
inuenirentur,1
Bizanti,1
arbori,1
moro,1
similem,1
rubrum,1
permaturauit,1
oportet,1
restituas,1
auguratur,1
cellam,1
uinariam,1
sedentem,1
apes,1
fugantem,1
exanimem,1
dolio,1
Corpore,1
inuento,1
restitue,1
monumento,1
inclusi,1
processit,1
altera,1
parem,1
interfectam,1
progressa,1
herbam,1
tactu,1
serpenti,1
intus,1
uociferarentur,1
praeteriens,1
Minoi,1
aperiri,1
incolumem,1
Polyidum,1
MEROPE,1
Messeniae,1
Cresphontem,1
absconse,1
maxima,1
industria,1
pollicebatur,1
necasset,1
capit,1
exsequatur,1
Polyphontem,1
dicens,1
Cresphontis,1
Telephontem,1
manere,1
amplius,1
perquireret,1
lassitudinem,1
obdormisset,1
internuntius,1
negans,1
comparere,1
interfectorem,1
dormiebat,1
chalcidicum,1
retraxit,1
inimico,1
ulciscendi,1
Polyphonte,1
laetus,1
diuinam,1
PHILYRA,1
TILIAM,1
Chironem,1
inusitatam,1
peperisse,1
aliquam,1
commutaret,1
tiliam,1
CURETES,1
concederet,1
Orcum,1
deiecerat,1
undas,1
Opem,1
rogaret,1
inuolutum,1
sensisset,1
Cretensi,1
Amalthaea,1
suspendit,1
inueniretur,1
uagitus,1
exaudiretur,1
impuberes,1
clipeola,1
aenea,1
euntes,1
crepare,1
Curetes,1
Corybantes,1
Lares,1
PYTHON,1
responsa,1
partu,1
interitus,1
fato,1
futurus,1
Poli,1
facit,1
accederet,1
persequi,1
Aquilo,1
pertulit,1
rescinderet,1
cooperuit,1
quartum,1
exsecutus,1
Pythonem,1
Pythius,1
cortinam,1
SIRENES,1
raptu,1
aberrantes,1
tulerant,1
uolaticae,1
factae,1
uicturas,1
cantantes,1
fatalis,1
praenauigasset,1
scopulos,1
morabantur,1
praecipitarunt,1
Sirenides,1
cognominatur,1
PANDORA,1
dii,1
Pandoram,1
Epimetheo,1
creata,1
PHORONEUS,1
Phoroneum,1
regnasse,1
oppidis,1
exegerunt,1
lingua,1
loquentes,1
imperio,1
sermones,1
interpres,1
nationes,1
placitum,1
exordium,1
PROMETHEUS,1
Homines,1
antea,1
immortalibus,1
perpetuum,1
sciebant,1
ferula,1
cinere,1
obrutum,1
seruarent,1
deligauit,1
clauis,1
ferreis,1
ederat,1
crescebat,1
IO,1
Cinna,1
Apis,1
primam,1
Criasus,1
Piranthus,1
Ecbasus,1
Pirantho,1
Arestorides,1
Triopas,1
Eurisabe,1
Anthus,1
Triope,1
Oreaside,1
Pelasgo,1
Larisa,1
Inacho,1
dilectam,1
cognosceret,1
resciuit,1
oculi,1
refulgebant,1
formidinem,1
exagitatam,1
praecipitaret,1
Ionium,1
Scythiam,1
tranauit,1
Bosporum,1
suapte,1
aerumnas,1
tulisse,1
propriam,1
Aegyptiorum,1
Isis,1
nuncupatur,1
PROSERPINA,1
Cererem,1
passuram,1
tenebricoso,1
legentem,1
legit,1
anni,1
Plutonem,1
TRIPTOLEMUS,1
Cothonea,1
lactantem,1
regina,1
alumnum,1
immortalem,1
diuino,1
alebat,1
obruebat,1
praeterquam,1
solebant,1
mirarentur,1
obseruauerunt,1
mittere,1
expauit,1
exanimauit,1
aeternum,1
propagatum,1
iunctum,1
uehens,1
orbem,1
terrarum,1
obseuit,1
Celeus,1
benefacto,1
Thesmophoria,1
uirtuti,1
catenam,1
lectum,1
concidit,1
plagas,1
exsoluere,1
cubantes,1
pudor,1
terruit,1
sceleribus,1
progenies,1
exstitit,1
Soli,1
progeniem,1
inimica,1
EPAPHUS,1
communire,1
Cassiopia,1
Libyen,1
TITANOMACHIA,1
paelice,1
nato,1
curat,1
uenatu,1
necetur,1
hortatur,1
pellant,1
restituant,1
conarentur,1
praecipites,1
Tartarum,1
Atlanti,1
fornicem,1
umeros,1
TYPHONE,1
ECHIDNA,1
NATI,1
triceps,1
trans,1
hydra,1
Lycia,1
posteriorem,1
TYPHON,1
Typhonem,1
portentosa,1
draconum,1
certare,1
flaglaret,1
conscendisset,1
elatus,1
Eridanum,1
percussisset,1
extinguere,1
amnes,1
irrigauit,1
iniussu,1
iunxerant,1
commutatae,1
DEUCALION,1
PYRRHA,1
Cataclysmus,1
diluuium,1
irrigationem,1
altissimus,1
fugerunt,1
solitudinem,1
afficeret,1
iactare,1
iactauit,1
lapis,1
HESIODI,1
Oceanitidem,1
accepimus,1
indicio,1
Solem,1
impetratis,1
curribus,1
male,1
propius,1
uectus,1
uicino,1
conflagrarunt,1
Padum,1
amnis,1
Eridanus,1
Pherecydes,1
Indi,1
calore,1
uicini,1
ignis,1
sanguis,1
atrum,1
uersus,1
nigri,1
deflent,1
uersae,1
Hesiodus,1
electrum,1
duratae,1
Heliades,1
nominantur,1
Liguriae,1
Phaethonti,1
propinquus,1
deflet,1
propinquum,1
flebile,1
canit,1
carpserunt,1
Alcumena,1
Phoronei,1
Zethus,1
Rhadamanthus,1
Pyrrhe,1
Epimethei,1
Aethlius,1
Protogenie,1
Lacedaemon,1
Taygete,1
Himantis,1
Aegipan,1
Boetis,1
Arcada,1
Etolus,1
Protogenia,1
Deionei,1
Perside,1
NEPTUNI,1
Epaphi,1
Nysi,1
Nerei,1
Ephoceus,1
Agamede,1
Augiae,1
Lena,1
Megareus,1
Oenope,1
Calyce,1
Hecatonis,1
Astypale,1
Phoenicis,1
Ergei,1
Arprites,1
Antaeus,1
Chiona,1
Cyclops,1
Metus,1
Corynetes,1
Philottus,1
Spinther,1
MARTIS,1
leodo,1
ce,1
MERCURII,1
Priapus,1
Antianira,1
Eurestus,1
Aptale,1
APOLLINIS,1
Delphus,1
Coronide,1
Cleobula,1
Ileus,1
Urea,1
Agreus,1
Lycoreus,1
musa,1
Aristaeus,1
Cyrene,1
Astyoche,1
Leucites,1
Creontiades,1
Deicoon,1
Euhenus,1
Lydus,1
Thespiades,1
Thespii,1
AMAZONES,1
Ocyale,1
Iphinome,1
Xanthe,1
Otrere,1
Antioche,1
Laomache,1
Theseis,1
Hippolyte,1
Polydora,1
ATHENAE,1
Inter,1
Attica,1
conderet,1
seuit,1
iudicatum,1
irrigare,1
MARSYAS,1
osse,1
ceruino,1
cantatum,1
irriderent,1
caesia,1
buccas,1
inflaret,1
foeda,1
irrisa,1
siluam,1
cantans,1
merito,1
irrisam,1
imprecata,1
sustulisset,1
graui,1
supplicio,1
satyris,1
commeletando,1
sonum,1
suauiorem,1
prouocaret,1
Musas,1
iudices,1
citharam,1
uersabat,1
Marsyan,1
religatum,1
Scythae,1
cute,1
separauit,1
reliquum,1
discipulo,1
ERICHTHONIUS,1
soleas,1
aureas,1
sedisset,1
pendere,1
ligauerat,1
solueret,1
praecipitatus,1
ullam,1
concilio,1
pietati,1
impetraret,1
instigauit,1
uirginitatem,1
defendit,1
luctandum,1
Erichthonium,1
nutriret,1
cistula,1
seruandum,1
Aglauro,1
Pandroso,1
Herse,1
Cecropis,1
cistulam,1
aperuissent,1
cornix,1
indicauit,1
LIBER,1
distractus,1
contritum,1
potionem,1
Semeles,1
Alumna,1
pete,1
ueniat,1
scias,1
instigata,1
icta,1
exuit,1
bimater,1
DANAUS,1
coniugibus,1
obtineret,1
poposcit,1
biproram,1
profugeret,1
persequendum,1
reuerterentur,1
oppugnare,1
patruum,1
absisterent,1
impetratas,1
acceperunt,1
sola,1
pertusum,1
ingerere,1
Lynceo,1
studiose,1
uenatur,1
abegit,1
fuscina,1
profluxisse,1
Amymonium,1
lassitudine,1
obdormiit,1
petram,1
solitudine,1
aquatum,1
educere,1
silani,1
secuti,1
Amymonius,1
QUOS,1
Midea,1
Antimachum,1
Panthium,1
Proteum,1
Amphicomone,1
Euippe,1
Demoditas,1
Hyale,1
Perium,1
Trite,1
Enceladum,1
Damone,1
Amyntorem,1
Obrimum,1
Myrmidone,1
Mineum,1
Canthum,1
Cleo,1
Asterium,1
Xanthum,1
Metalcen,1
Phila,1
Philinum,1
Hipparete,1
Protheonem,1
Chrysothemis,1
Asteriden,1
Pyrante,1
Athamantem,1
Armoasbus,1
Glaucippe,1
Niauium,1
Demophile,1
Pamphilum,1
Autodice,1
Clytum,1
Polyxena,1
Hecabe,1
Achamantis,1
Ecnominum,1
Arsalte,1
Ephialtem,1
Monuste,1
Eurysthenem,1
Midamum,1
Euideam,1
Oeme,1
Polydectorem,1
Polybe,1
Iltonomum,1
Helicta,1
Cassum,1
Hyperantum,1
Eubule,1
Demarchum,1
Daplidice,1
Pugnonem,1
Andromachum,1
Europome,1
Athleten,1
Pyrantis,1
Critomedia,1
Antipaphum,1
Pirene,1
Dolichum,1
Eupheme,1
Hyperbium,1
Themistagora,1
Podasimum,1
Aristonoon,1
Itea,1
Antiochum,1
Eudaemonem,1
perisset,1
circumspiciens,1
refixit,1
consecrauit,1
aguntur,1
cursoribus,1
clipeus,1
ALTHAEA,1
apparuerunt,1
generosum,1
foco,1
Tam,1
uiuit,1
exsiluit,1
extinxit,1
obrueretur,1
Aetoliae,1
praeteriisset,1
expugnandum,1
iturum,1
APRUM,1
CALYDONIUM,1
Erytus,1
Parth,1
Laerta,1
Arcesii,1
Enaesimus,1
Amyclis,1
AUXILIUM,1
MISERUNT,1
OENEO,1
Tenerdos,1
Iolcos,1
Sparta,1
Pleurone,1
Messene,1
Salamin,1
Calydon,1
Tegea,1
Dolopia,1
Athenae,1
MELEAGER,1
ardens,1
apparuisse,1
uicturum,1
incolumis,1
clausum,1
iuuenibus,1
uirgini,1
eripere,1
cognationi,1
ausum,1
Parcarum,1
prolatum,1
Gorgen,1
transfiguratae,1
meleagrides,1
AGRIUS,1
orbum,1
Deipyles,1
deuicto,1
pulsum,1
Lycopeo,1
Agrii,1
Agrium,1
LYCAON,1
Lycaonem,1
compressisse,1
tentare,1
commiscuerunt,1
epulo,1
apposuerunt,1
mensam,1
euertit,1
communiuit,1
Trapezus,1
nominatur,1
lupi,1
mutauit,1
CALLISTO,1
mouetur,1
Creticis,1
Lycaoniae,1
gelido,1
raptam,1
uertice,1
Nonacrinae,1
oceano,1
tinguere,1
ausa,1
quondam,1
succumbere,1
alumnae,1
igitur,1
claras,1
aure,1
armo,1
priore,1
extrema,1
coxa,1
femine,1
posteriori,1
extremo,1
caude,1
EUROPA,1
Sidonia,1
Sidone,1
transportauit,1
Sarpedonem,1
Rhadamanthum,1
reducerent,1
remansit,1
Poeni,1
Cilix,1
Ciliciae,1
erraret,1
bouem,1
emeret,1
lunae,1
ageret,1
decubuisset,1
condere,1
perfecisset,1
Castalium,1
custodiebat,1
sparsit,1
arauit,1
Spartoe,1
pugnarunt,1
superfuerunt,1
Chthonius,1
Udaeus,1
Hyperenor,1
secutus,1
SEMELE,1
Agauen,1
Autonoen,1
Ut,1
intellegas,1
tonitribus,1
ereptum,1
ACTAEON,1
lauantem,1
speculatus,1
consumeretur,1
DIANA,1
ualle,1
opacissima,1
Gargaphia,1
aestiuo,1
fatigata,1
assidua,1
Parthenius,1
perlueret,1
nepos,1
petens,1
refrigerandum,1
exercuerat,1
persequens,1
loqui,1
laceratus,1
masculi,1
Ichnobates,1
Echnobas,1
Pamphagos,1
Dorceus,1
Oribasus,1
Nebrophonus,1
Laelaps,1
Theron,1
Pterelas,1
Hylaeus,1
Nape,1
Ladon,1
Poemenis,1
Therodanapis,1
Aura,1
Lacon,1
Aello,1
Dromas,1
Thous,1
Canache,1
Cyprius,1
Sticte,1
Labros,1
Agriodus,1
Hylactor,1
Alce,1
Harpalus,1
Lycisca,1
Melaneus,1
Lachne,1
Leucon,1
Gnosius,1
Melanchaetes,1
Agre,1
Theridamas,1
Oresitrophos,1
Syrus,1
Leon,1
Stilbon,1
Charops,1
Corus,1
Draco,1
Eudromus,1
Dromius,1
Lampus,1
Cyllopodes,1
Harpalicus,1
Machimus,1
Ichneus,1
Ocydromus,1
Borax,1
Ocythous,1
Pachylus,1
Obrimus,1
Theriope,1
Dinomache,1
Echione,1
Gorgo,1
Cyllo,1
Lynceste,1
Leaena,1
Lacaena,1
Ocydrome,1
Oxyrhoe,1
Orias,1
Sagnos,1
Theriphone,1
Chediaetros,1
OCEANI,1
Idothea,1
Adrasta,1
Melissei,1
Dodonides,1
Naides,1
Eriphia,1
Polyhymno,1
alumni,1
potitae,1
senectute,1
uocitatas,1
Arsinoe,1
Ambrosie,1
EQUORUM,1
HORARUM,1
NOMINA,1
solet,1
Aethiops,1
flammeus,1
concoquit,1
funales,1
mares,1
iugariae,1
Bronte,1
fulgitrua,1
auctor,1
Homerus,1
Abraxas,1
lo,1
Therbeeo,1
Ouidius,1
Pyrois,1
Phlegon,1
Horarum,1
Themidis,1
Titanidis,1
Auxo,1
Eunomia,1
Carpo,1
Dice,1
Euporie,1
Irene,1
Orthosie,1
Thallo,1
Anatole,1
Musica,1
Gymnastica,1
Nymphe,1
Mesembria,1
Sponde,1
Elete,1
Acte,1
Hesperis,1
Dysis,1
PENTHEUS,1
Agaues,1
mysteria,1
accipere,1
sororibus,1
Autonoe,1
obiectam,1
laniauit,1
admisisse,1
errabunda,1
Lycotherses,1
ATALANTA,1
uirtute,1
superabat,1
peteretur,1
prius,1
cursus,1
contenderet,1
termino,1
fugeret,1
termini,1
consecuta,1
figeret,1
superasset,1
occidisset,1
Hippomene,1
Megarei,1
uicta,1
insignis,1
edoctus,1
iactando,1
puellae,1
impetum,1
colligit,1
ammiratur,1
declinauit,1
iuueni,1
industriam,1
uicisse,1
grates,1
egit,1
cupiditate,1
leam,1
di,1
denegant,1
MELANIPPE,1
Desmontis,1
Desmontes,1
munimento,1
conclusit,1
cibum,1
potum,1
exiguum,1
praestari,1
feris,1
proiecti,1
lactans,1
ubera,1
armentarii,1
tollunt,1
educarent,1
Icariae,1
petebat,1
procrearet,1
cederet,1
explicarent,1
subderet,1
ualde,1
formosissimi,1
aduenerat,1
Metapontinam,1
suppositicios,1
Itaque,1
cultris,1
interficite,1
commiserunt,1
cultro,1
uenatorio,1
educati,1
confugerunt,1
Desmontem,1
lumen,1
Icariam,1
Metapontum,1
perfidiam,1
Theanus,1
adoptauit,1
Aeoliam,1
ALOPE,1
inscio,1
nutrici,1
exponendum,1
lac,1
equam,1
indutum,1
tulisset,1
compastor,1
donaret,1
iurgium,1
ingenuitatis,1
reposceret,1
contendentes,1
donatum,1
repetere,1
scissa,1
necem,1
sentientes,1
ducebat,1
cognominatus,1
THEOPHANE,1
Bisaltis,1
scissent,1
Theophanen,1
ouem,1
Crumissenses,1
ullum,1
inuenirent,1
mactare,1
uictu,1
commutatos,1
consumi,1
lupos,1
chrysomallus,1
uexit,1
PROCRIS,1
tenerentur,1
studio,1
uenandi,1
teneretur,1
Tithoni,1
Nolo,1
fallas,1
prior,1
fefellerit,1
commutat,1
speciosa,1
deferret,1
uenabatur,1
conspexisset,1
uenantur,1
tu,1
es,1
recede,1
coetu,1
euitare,1
Laelapem,1
nulla,1
fera,1
effugere,1
Cephalo,1
iuuenili,1
potentiam,1
uenderet,1
utique,1
perstas,1
possidere,1
da,1
leuauit,1
acceptis,1
nihilo,1
minus,1
Auroram,1
obseruaret,1
ineuitabile,1
Procrin,1
THEONOE,1
Calchantem,1
Leucippen,1
Theonoen,1
ludentem,1
piratae,1
concubinatum,1
emit,1
inquisitum,1
uincula,1
coniectus,1
morabatur,1
inuestigatio,1
Pro,1
meo,1
uade,1
reperies,1
capillos,1
totondit,1
iuuene,1
inuestigatum,1
deuenisset,1
cubiculum,1
ergastulo,1
uenire,1
teneret,1
uocitari,1
imperaretur,1
extorsit,1
reginam,1
agnitione,1
REX,1
MIDAS,1
Mygdonius,1
Matris,1
Timolo,1
sumptus,1
Pane,1
fistula,1
certauit,1
Timolus,1
Apollini,1
dandam,1
indignatus,1
Quale,1
iudicando,1
habuisti,1
tales,1
auriculas,1
habebis,1
auditis,1
asininas,1
Silenus,1
aberrauit,1
comitatum,1
deduceret,1
deoptandi,1
impetrasset,1
tetigerat,1
cruciaretur,1
speciosum,1
eriperet,1
Pactolo,1
colore,1
aureo,1
Lydia,1
HYAS,1
Oceanitide,1
Hyantem,1
primae,1
relatae,1
Tauri,1
Phaesyla,1
Ambrosia,1
Eudora,1
easdem,1
Latine,1
Suculas,1
modum,1
litterae,1
positas,1
dici,1
oriantur,1
pluuias,1
efficiunt,1
pluere,1
existiment,1
fuerint,1
Naxo,1
ediderat,1
Pleiades,1
nominatas,1
coniunctae,1
confertae,1
numerentur,1
unquam,1
ullius,1
certum,1
existimentur,1
Taygeta,1
Electren,1
negant,1
apparere,1
Dardanum,1
amissum,1
ereptam,1
conspicere,1
erubescere,1
acceperit,1
choro,1
sororum,1
expulsa,1
solutum,1
gerit,1
cometes,1
longodes,1
producitur,1
xiphias,1
gladii,1
mucronis,1
producit,1
stella,1
luctum,1
portendit,1
HARPALYCUS,1
uaccarum,1
uberibus,1
crescentem,1
exercuit,1
successorem,1
postmodum,1
spes,1
decepit,1
bellatrix,1
saluti,1
reuertens,1
Harpalycum,1
affecisset,1
impetu,1
conseruauit,1
seditionem,1
siluas,1
uastando,1
iumentorum,1
stabula,1
concursu,1
pastorum,1
ARION,1
Methymnaeus,1
arte,1
potens,1
dilexit,1
ciuitates,1
illustrare,1
patrimonium,1
acquisisset,1
consenserunt,1
nautis,1
quietem,1
audiretur,1
uisis,1
Pyranthum,1
uiae,1
propulit,1
exanimatus,1
narrasset,1
sepeliri,1
paucum,1
uectatus,1
imperasset,1
Arione,1
inquireret,1
tradidisse,1
iurabitis,1
custodiri,1
mane,1
delitescere,1
manes,1
iurare,1
stupentes,1
diuinitate,1
seruatus,1
obmutuerunt,1
ORION,1
Hyrieum,1
excepti,1
immolarat,1
urinam,1
obruerunt,1
Orion,1
Orionem,1
PAN,1
Dii,1
immanitatem,1
metuerent,1
conuerterent,1
deciperent,1
euitarant,1
capram,1
conuerterat,1
Aegocerus,1
Capricornum,1
Euphraten,1
ouum,1
euoluerunt,1
columbae,1
consederunt,1
excalfactum,1
exclusisse,1
iustitia,1
probitate,1
exsuperasset,1
optione,1
Syri,1
columbas,1
habentes,1
edunt,1
NISUS,1
Megarensium,1
purpureum,1
custodisset,1
dormienti,1
Minoe,1
fida,1
Creten,1
sanctissimam,1
recepturam,1
haliaeton,1
marinam,1
cirim,1
auis,1
natantem,1
dilaniat,1
SCYLLA,1
ALTERA,1
Crataeidis,1
assueta,1
lauari,1
zelum,1
medicamentis,1
descendisset,1
inguinibus,1
exsecuta,1
praenauigantem,1
spoliauit,1
CHIONE,1
Philonide,1
Daedalionis,1
Philammonem,1
Autolycum,1
Daedalion,1
unicam,1
daedalionem,1
AUTOLYCUS,1
Autolyco,1
furacissimus,1
deprehenderetur,1
furto,1
surripuisset,1
quamcunque,1
transmutaretur,1
nigro,1
cornutum,1
mutilo,1
mutilum,1
cornuto,1
inuolaret,1
deprehendi,1
furtum,1
illius,1
augebatur,1
suus,1
minuebatur,1
deprehenderet,1
pecorum,1
notam,1
inuolasset,1
deprehendit,1
inuolauerat,1
moraretur,1
Anticliam,1
uersutus,1
CORONIS,1
Coronida,1
uiolaret,1
Ischys,1
Coronidem,1
exsectum,1
Asclepium,1
praebuerat,1
DAPHNE,1
Daphnen,1
praesidium,1
laurum,1
ramum,1
fregit,1
NYCTIMENE,1
occultabatur,1
pudoris,1
lucem,1
paret,1
ARGE,1
Arge,1
uenatrix,1
fertur,1
cursum,1
aequaris,1
consequar,1
HARPALYCE,1
ARCHELAUS,1
Cisseum,1
finitimis,1
oppugnaretur,1
amicis,1
dissuasus,1
carbones,1
ingeri,1
incendi,1
tenuia,1
decideret,1
secreto,1
arbitris,1
semotis,1
arreptum,1
perdidit,1
Aegeas,1
Magnus,1
CURA,1
quendam,1
fluuium,1
cretosum,1
lutum,1
cogitabunda,1
fingere,1
deliberat,1
dandum,1
disceptarent,1
surrexit,1
Tellus,1
imponi,1
dicebat,1
quandoquidem,1
praebuisset,1
Saturnum,1
secus,1
iudicasse,1
dedisti,1
recipito,1
uixerit,1
possideat,1
controuersia,1
homo,1
uocetur,1
humo,1
SAPIENTES,1
Mitylenaeus,1
Periander,1
Milesius,1
Atheniensis,1
Lindius,1
sententiae,1
Optimus,1
incola,1
Lindi,1
Periandre,1
doces,1
Cuncta,1
meditanda,1
Tempus,1
nosce,1
Mitylenis,1
ortus,1
Plures,1
autumat,1
Sponsori,1
damna,1
minatur,1
Nosce,1
tete,1
cretus,1
Ne,1
nimis,1
induperauit,1
LYRICI,1
OPERA,1
MIRABILIA,1
Monimentum,1
Mausoli,1
lychnicis,1
Rhodi,1
aeneum,1
colossus,1
altus,1
xc,1
Olympii,1
Phidias,1
ebore,1
domus,1
Cyri,1
uariis,1
uinctis,1
Murus,1
cocto,1
sulpure,1
uinctum,1
latum,1
stadiorum,1
ccc,1
pyramides,1
umbra,1
altae,1
FACTI,1
MORTALIBUS,1
IMMORTALES,1
Semelae,1
receptus,1
Liberam,1
relata,1
Cynosura,1
Crotos,1
Panis,1
Euphemes,1
conlactius,1
Musarum,1
Sagittarium,1
Arcturi,1
Aquario,1
signorum,1
Theobules,1
Heniocho,1
Melicertes,1
TEMPLA,1
DEORUM,1
CONSTITUERUNT,1
Aedem,1
Olympio,1
Triopae,1
Macedonia,1
Dodonaei,1
Molossorum,1
Eleuther,1
coli,1
deberet,1
restituerunt,1
Lycaon,1
Pierius,1
FILIAS,1
Callisthenem,1
Euboeae,1
salute,1
Spartanus,1
Antheidem,1
Chthoniam,1
reliquae,1
Alopen,1
Macareo,1
admissum,1
MATRES,1
Sisypho,1
Pentheum,1
inuita,1
conceperat,1
Illyria,1
Ninum,1
Procridem,1
IPSI,1
Euenus,1
Lycormam,1
armorum,1
Macareus,1
crine,1
Hipponous,1
iecerunt,1
Pyramus,1
Thisbes,1
ablatis,1
IPSAE,1
nuntio,1
Iobatis,1
Bellerophontis,1
Capaneum,1
Nesso,1
mariti,1
suasu,1
Hippothoi,1
parentum,1
Demophoonta,1
Canace,1
Byblis,1
Mileti,1
Cauni,1
Dido,1
Aeneae,1
nefas,1
sepulturam,1
Thisbe,1
Pyramum,1
COGNATOS,1
Pallantem,1
Electryonem,1
Persei,1
Nerea,1
auiae,1
Megapenthes,1
Megapenthem,1
Alphesiboeae,1
Sthenelum,1
proaui,1
SOCEROS,1
GENEROS,1
Phlegyonam,1
Qui,1
generos,1
Alcmaeonem,1
Eurypylum,1
EPULIS,1
CONSUMPSERUNT,1
CANIBUS,1
CONSUMPTI,1
Thasius,1
Ani,1
nullus,1
tragoediarum,1
scriptor,1
APRO,1
PERCUSSI,1
INTERIERUNT,1
Calydonio,1
exierat,1
Hyas,1
Pleiones,1
FACES,1
SCELERATAE,1
Facem,1
Capherea,1
QUADRIGAE,1
RECTORES,1
PERDIDERUNT,1
Phaethonta,1
Ili,1
Antiope,1
Amphiaraum,1
Oiclei,1
Hypermnestra,1
equae,1
Iasionem,1
quadrigas,1
imitabatur,1
LICENTIA,1
PARCARUM,1
INFERIS,1
REDIERUNT,1
educendum,1
alterna,1
redeunt,1
Laodamiam,1
Pirithoum,1
Eurydicen,1
Zmyrnae,1
restitutus,1
Polyido,1
Maiae,1
assiduo,1
LACTE,1
FERINO,1
NUTRITI,1
Pelopiae,1
Menalippes,1
Romulus,1
Remus,1
Iliae,1
lupa,1
Camilla,1
Metabi,1
CONTRA,1
FAS,1
CONCUBUERUNT,1
Iocaste,1
Oedipo,1
Clymeno,1
Oenomao,1
Erechtheo,1
Aglaurus,1
Epopeo,1
Menephron,1
Cyllene,1
Bliade,1
PIISSIMAE,1
uindicaret,1
deseruit,1
Illyrica,1
Xanthippe,1
Myconi,1
incluso,1
carcere,1
alimentum,1
uitae,1
Damon,1
Phintia,1
Anchisem,1
incendio,1
Cydippae,1
pastionem,1
deberent,1
apparerent,1
mortui,1
interficiebatur,1
trepidationem,1
bubus,1
iunxerunt,1
Cydippen,1
precata,1
coluisset,1
pii,1
bonum,1
contingeret,1
precatione,1
peracta,1
plaustrum,1
reduxerunt,1
fessi,1
somno,1
acquieuerunt,1
melius,1
uoluntaria,1
IMPIAE,1
patres,1
Tullia,1
Sceleratus,1
CASTISSIMAE,1
Phylacis,1
Lucretia,1
Lucretii,1
Collatini,1
AMICITIA,1
IUNCTISSIMI,1
Phoenice,1
fraterno,1
Dionysius,1
tyrannus,1
crudelissimus,1
cruciatibus,1
Moeros,1
deprehendissent,1
armatum,1
uoluisse,1
tridui,1
nuptui,1
tyranno,1
sodalem,1
sponderet,1
indulsit,1
collocandam,1
Selinuntio,1
passurum,1
dimitti,1
Moerum,1
collocata,1
pluuia,1
increuit,1
transiri,1
transnatari,1
consedit,1
flere,1
amicus,1
periret,1
Phalaris,1
tertii,1
diei,1
Selinuntius,1
praeteriisse,1
crucem,1
duceretur,1
liberato,1
consequitur,1
carnificem,1
Sustine,1
carnifex,1
adsum,1
spopondit,1
Moero,1
amicitiam,1
reciperent,1
Phalarim,1
simulationis,1
ense,1
sanguinolento,1
celaret,1
celaretur,1
progrederetur,1
renuntiaret,1
nullos,1
rumores,1
uesperi,1
litem,1
contraxerunt,1
potiora,1
ingererent,1
obicere,1
perducerentur,1
perductus,1
dentibus,1
inspuit,1
Euryalo,1
mortuus,1
THIESTES,1
germani,1
dissensione,1
simulatam,1
epulando,1
pollueretur,1
aufugit,1
ueritatis,1
eclipsim,1
inuidens,1
discessit,1
LYNCUS,1
Lyncus,1
Siciliae,1
monstraret,1
susceptum,1
gloriam,1
migraret,1
interimere,1
Ob,1
lyncem,1
uarii,1
coloris,1
uariae,1
extiterat,1
ERYX,1
Eryx,1
Butae,1
monti,1
Catonem,1
uenerit,1
AGAMEMNON,1
IGNARUS,1
DIANAE,1
flatus,1
remouit,1
Qua,1
nauigare,1
sustinerent,1
consulta,1
oracula,1
Agamemnonio,1
placandam,1
Ergo,1
Ulyxe,1
nuptiarum,1
simulationem,1
adducta,1
numinis,1
supposita,1
Dictynnae,1
consuetudinem,1
statutam,1
humano,1
placaret,1
carendi,1
furoris,1
amico,1
Thoante,1
absconditum,1
fasce,1
lignorum,1
fascelis,1
notandum,1
face,1
pingitur,1
lucifera,1
Aritiam,1
Ariciam,1
Romanis,1
crudelitas,1
displiceret,1
quanquam,1
serui,1
Laconas,1
sacrificii,1
consuetudo,1
adolescentum,1
uerberibus,1
seruabatur,1
uocabantur,1
Bomonicae,1
aris,1
contendebant,1
uerbera,1
Aricia,1
Romam,1
cliuum,1
Capitolinum,1
Concordiae,1
AMPLISSIMI,1
Iasion,1
Ilithii,1
historiis,1
creditur,1
Charopis,1
Tithonus,1
Aurorae,1
EPHEBI,1
Endymion,1
Aetoli,1
Narcissus,1
Cephisii,1
Atlantius,1
Hermaphroditus,1
LUDOS,1
FECERUNT,1
USQUE,1
AENEAM,1
QUINTUM,1
DECIMUM,1
hymenaeus,1
sexto,1
Aegypti,1
accipit,1
Lyncei,1
semel,1
uincat,1
descendat,1
septimo,1
Polydectae,1
nutritori,1
Seripho,1
luctatur,1
octauo,1
Olympiae,1
Pelopi,1
pammachium,1
pancratium,1
uocamus,1
Achareo,1
nono,1
Nemea,1
Archemoro,1
Eurydices,1
Euneus,1
Deipylus,1
pythaules,1
palliatos,1
choraules,1
Isthmia,1
Melicertae,1
Eratocles,1
undecimo,1
Cyzico,1
saltu,1
duodecimo,1
dolichodromo,1
diaulo,1
caestu,1
pammachio,1
Pilum,1
Diodoti,1
Bellerophontes,1
mordici,1
funda,1
Olympus,1
discipulus,1
Olympi,1
cenotaphium,1
Paridi,1
certati,1
inuentus,1
lucta,1
lebetem,1
dimisso,1
spectaculo,1
Phrygas,1
captiuos,1
rogum,1
Patrocli,1
Acesten,1
Crinisi,1
ornauit,1
exsequias,1
honores,1
debitos,1
soluit,1
nauale,1
Pistris,1
Centaurus,1
Cloanthus,1
talentum,1
argenti,1
chlamydem,1
purpura,1
intextum,1
Ganymeden,1
loricam,1
lebetas,1
argento,1
caelata,1
Pholoen,1
Salius,1
Panopes,1
phaleris,1
insignem,1
Amazoniam,1
pharetram,1
Argolicam,1
Salio,1
exuuias,1
Niso,1
opus,1
Didymaonis,1
caestibus,1
Dares,1
Dareti,1
certarunt,1
Hippocoon,1
Acestes,1
iudicis,1
omen,1
Acestae,1
cessit,1
Ascanio,1
luserunt,1
QUID,1
INUENERIT,1
Cerasus,1
miscuit,1
miscere,1
nostri,1
tricliniaribus,1
fulcris,1
asellorum,1
uite,1
alligata,1
significantes,1
caper,1
praeroserat,1
plenius,1
fructum,1
putationem,1
Pelethronius,1
frenos,1
stratum,1
Belona,1
acum,1
aes,1
Panchaia,1
Taso,1
Scythia,1
argentum,1
Elide,1
urbs,1
certamina,1
quadrigarum,1
instituta,1
Cybeles,1
Phryx,1
plumbum,1
Arcades,1
res,1
primi,1
chirurgicam,1
herbis,1
oculariam,1
clinicen,1
obstetrices,1
uerecundia,1
ductae,1
interierant,1
cauerant,1
disceret,1
quaedam,1
concupiuit,1
discere,1
concupisset,1
uirili,1
Herophilo,1
cuidam,1
disciplinam,1
didicisset,1
laborantem,1
credere,1
tunica,1
curabat,1
feminas,1
admitti,1
dicerent,1
glabrum,1
corruptorem,1
illas,1
imbecillitatem,1
Areopagitae,1
consedissent,1
damnare,1
alleuauit,1
ualidius,1
principes,1
estis,1
nobis,1
damnatis,1
emendarunt,1
ingenuae,1
discerent,1
Perdix,1
circinum,1
spina,1
simulacra,1
Oannes,1
Chaldaea,1
astrologiam,1
Lydi,1
surculis,1
lanam,1
infecerunt,1
stamen,1
fistulae,1
Tyrrhenus,1
tubam,1
ratione,1
uescerentur,1
incolae,1
regionem,1
diffugerunt,1
concha,1
pertusa,1
buccinauit,1
tuba,1
melos,1
exemplum,1
tubicines,1
cantant,1
amici,1
conuocantur,1
testandi,1
ueneno,1
interiisse,1
cornicines,1
classici,1
Aegyptii,1
dimicauerunt,1
belligeratus,1
OPPIDA,1
CONDIDERUNT,1
Thebaidos,1
nutricis,1
hecatompylae,1
Chalcide,1
Trapezunta,1
Arnas,1
Eleusinus,1
Eleusinem,1
Dardaniam,1
heptapylas,1
Perseida,1
Dioscorida,1
Medam,1
Camirus,1
Camiram,1
Hammonem,1
Ephyren,1
Sardo,1
Stheneli,1
Sardis,1
Smyrnam,1
Babylonem,1
INSULAE,1
MAXIMAE,1
Mauretania,1
occasum,1
austro,1
circumlauat,1
triscelo,1
Sardinia,1
xccl,1
longitudine,1
possidet,1
Cyprus,1
similis,1
scuto,1
Gallico,1
xlic,1
Rhodos,1
rotundo,1
consimilis,1
arcui,1
xxcc,1
Corcyra,1
Sicyon,1
mille,1
Tenedos,1
Ilium,1
mcc,1
Corsica,1
pessimus,1
Cyclades,1
Andros,1
Myconos,1
Tenos,1
Naxos,1
Seriphus,1
Gyarus,1
Paros,1
Rhenia,1
RERUM,1
Mercurium,1
gruum,1
uolatu,1
uolant,1
exprimunt,1
Simonides,1
Epicharmus,1
Siculus,1
detulisse,1
Euandrus,1
profugus,1
Carmenta,1
Latinas,1
ceteras,1
adiecit,1
palaestram,1
docuit,1
domare,1
seuisset,1
sus,1
porcus,1
seuerat,1
effodisset,1
suem,1
comprehendit,1
positis,1
eidem,1
Cereri,1
molam,1
salsam,1